Conversation,Owner,File
bchlml_edi_hint_a_dlg,plac_EDI,BIOD_BCHLML_101SHIP
bchlml_clickobjects_a_dlg,Not found,BIOD_BCHLML_101SHIP
bchlml_ambientmaster_a_dlg,bchlml_VI,BIOD_BCHLML_101SHIP
bchlml_beachvi_d_dlg,bchlml_VI,BIOD_BCHLML_101SHIP
bchlml_ambientmaster_a_dlg,Not found,BIOD_BCHLML_102BEACHFIGHT
bchlml_beachsurvive_a_dlg,bchlml_survivor3,BIOD_BCHLML_102BEACHFIGHT
bchlml_beachattack_d_dlg,bchlml_survivor3,BIOD_BCHLML_102BEACHFIGHT
bchlml_docile3_a_dlg,bchlml_female_villager2,BIOD_BCHLML_201BEACHPATH
bchlml_docile6_a_dlg,bchlml_female_villager6,BIOD_BCHLML_201BEACHPATH
bchlml_docile1_a_dlg,bchlml_female_villager1,BIOD_BCHLML_201BEACHPATH
bchlml_docile4_a_dlg,bchlml_female_villager5,BIOD_BCHLML_201BEACHPATH
bchlml_docile2_a_dlg,bchlml_male_villager1,BIOD_BCHLML_201BEACHPATH
bchlml_docile5_a_dlg,bchlml_female_villager3,BIOD_BCHLML_201BEACHPATH
bchlml_clickobjects_a_dlg,Not found,BIOD_BCHLML_201BEACHPATH
bchlml_villagefirst_d_dlg,plac_villageFirst,BIOD_BCHLML_201BEACHPATH
bchlml_clickobjects_a_dlg,Not found,BIOD_BCHLML_202VILLAGE
bchlml_villageinfo_d_dlg,bchlml_doctor,BIOD_BCHLML_202VILLAGE
bchlml_ambientmaster_a_dlg,Not found,BIOD_BCHLML_202VILLAGE
bchlml_villageinfo_d_dlg,hench_leading,BIOD_BCHLML_202VILLAGE
gthgtl_nativeguide1_h_dlg,hench_geth,BIOD_BLBGTL_101BOARDING
bchlml_fatherfinal_d_dlg,bchlml_father,BIOD_BCHLML_303TEMPLEINTERIOR
gthgtl_nativeguide2_h_dlg,hench_geth,BIOD_BLBGTL_103HUBROOM1
gthgtl_inactive_h_dlg,hench_geth,BIOD_BLBGTL_103HUBROOM1
gthgtl_amb_resources_h_dlg,hench_geth,BIOD_BLBGTL_103HUBROOM1
gthgtl_hub_tgt_dlg,hench_geth,BIOD_BLBGTL_103HUBROOM1
gthgtl_amb_hack_h_dlg,hench_geth,BIOD_BLBGTL_104HALL2
gthgtl_amb_hack_h_dlg,hench_geth,BIOD_BLBGTL_104HALL2
gthgtl_amb_turrets_h_dlg,hench_geth,BIOD_BLBGTL_104HALL2
gthgtl_nativeguide2_h_dlg,hench_geth,BIOD_BLBGTL_105HUBROOM2
gthgtl_nativeguide2_h_dlg,hench_geth,BIOD_BLBGTL_107HUBROOM3
gthgtl_amb_vista_h_dlg,hench_geth,BIOD_BLBGTL_106HALL3
gthgtl_amb_hack_h_dlg,hench_geth,BIOD_BLBGTL_106HALL3
gthgtl_amb_hack_h_dlg,hench_geth,BIOD_BLBGTL_106HALL3
gthgtl_amb_hack_h_dlg,hench_geth,BIOD_BLBGTL_106HALL3
gthgtl_amb_core_h_dlg,hench_geth,BIOD_BLBGTL_108HALL4
gthgtl_veil_tgt_dlg,Not found,BIOD_BLBGTL_108HALL4
gthgtl_hereticfate_dlg,Not found,BIOD_BLBGTL_201COREROOM
gthgtl_core_h_dlg,hench_geth,BIOD_BLBGTL_201COREROOM
gthgtl_amb_hack_h_dlg,hench_geth,BIOD_BLBGTL_201COREROOM
gthgtl_amb_hack_h_dlg,hench_geth,BIOD_BLBGTL_201COREROOM
gthgtl_amb_hack_h_dlg,hench_geth,BIOD_BLBGTL_201COREROOM
gthgtl_amb_hack_h_dlg,hench_geth,BIOD_BLBGTL_201COREROOM
gthgtl_amb_hack_h_dlg,hench_geth,BIOD_BLBGTL_201COREROOM
gthgtl_amb_hack_h_dlg,hench_geth,BIOD_BLBGTL_201COREROOM
gthgtl_amb_hack_h_dlg,hench_geth,BIOD_BLBGTL_201COREROOM
gthgtl_amb_hack_h_dlg,hench_geth,BIOD_BLBGTL_201COREROOM
citasl_stalk_intro_c_dlg,hench_assassin,BIOD_CITASL_200STARTPOINT
citasl_encounter_2_d_dlg,citasl_thane_follow,BIOD_CITASL
citasl_encounter_3_d_dlg,citasl_thane_follow,BIOD_CITASL
citasl_encounter_4_d_dlg,citasl_thane_follow,BIOD_CITASL
citasl_ambient_5_a_dlg,citasl_target,BIOD_CITASL
citasl_encounter_5_d_dlg,Not found,BIOD_CITASL
citasl_ambient_1_a_dlg,citasl_Target,BIOD_CITASL
citasl_ambient_1_a_dlg,citasl_Target,BIOD_CITASL
citasl_ambient_1_a_dlg,citasl_Target,BIOD_CITASL
citasl_encounter_1_d_dlg,citasl_thane_follow,BIOD_CITASL
citasl_warnings_h_dlg,Not found,BIOD_CITASL
citasl_obstacle_2_a_dlg,citasl_thane_follow,BIOD_CITASL
citasl_obstacle_2_a_dlg,citasl_thane_follow,BIOD_CITASL
citasl_warnings_h_dlg,Not found,BIOD_CITASL
citasl_obstacle_3_a_dlg,citasl_stockboy,BIOD_CITASL
citasl_confirmations_h_dlg,citasl_thane_follow,BIOD_CITASL
citasl_warnings_h_dlg,citasl_thane_follow,BIOD_CITASL
citasl_warnings_h_dlg,citasl_thane_follow,BIOD_CITASL
citasl_warnings_h_dlg,citasl_thane_follow,BIOD_CITASL
citasl_warnings_h_dlg,citasl_thane_follow,BIOD_CITASL
citasl_warnings_h_dlg,citasl_thane_follow,BIOD_CITASL
citasl_showdown_d_dlg,citasl_son2,BIOD_CITASL
citgrl_forger_intro_d_dlg,citgrl_forger,BIOD_CITGRL_110ARRIVAL
citgrl_garrus_comments_h_dlg,hench_garrus,BIOD_CITGRL_130ALLEYCOMBAT
citgrl_garrus_comments_h_dlg,hench_garrus,BIOD_CITGRL_131ALLEYOBJECTS
citgrl_window_forger_h_dlg,hench_garrus,BIOD_CITGRL_210ENTRANCE
citgrl_window_tgr_dlg,hench_garrus,BIOD_CITGRL_210ENTRANCE
citgrl_garrus_comments_h_dlg,hench_garrus,BIOD_CITGRL_160COURTYARD
cithub_first_amb_a_dlg,cithub_sergeant,BIOD_CITHUB
cithub_arrival_ai_a_dlg,hench_ai,BIOD_CITHUB
nor_globalnews_a_dlg,nor_global_news,BIOD_CITHUB
cithub_taligarrus_h_dlg,hench_garrus,BIOD_CITHUB
citgrl_edi_hint_a_dlg,hench_ai,BIOD_CITGRL_220CRANEROOM
citgrl_harkin_combat_a_dlg,citgrl_forger,BIOD_CITGRL_220CRANEROOM
citgrl_garrus_comments_h_dlg,hench_garrus,BIOD_CITGRL_220CRANEROOM
citgrl_harkin_combat_a_dlg,citgrl_forger,BIOD_CITGRL_220CRANEROOM
citgrl_harkin_combat_a_dlg,citgrl_forger,BIOD_CITGRL_220CRANEROOM
citgrl_garrus_comments_h_dlg,hench_garrus,BIOD_CITGRL_220CRANEROOM
citgrl_forger_d_dlg,citgrl_forger,BIOD_CITGRL_220CRANEROOM
citgrl_forger_d_dlg,citgrl_forger,BIOD_CITGRL_220CRANEROOM
citgrl_forger_d_dlg,citgrl_forger,BIOD_CITGRL_220CRANEROOM
cithub_first_time_d_dlg,cithub_sergeant,BIOD_CITHUB_100TRANSITION
cithub_tp_thane_a_dlg,hench_assassin,BIOD_CITHUB_100TRANSITION
citgrl_garrus_shuttle_d_dlg,hench_garrus,BIOD_CITGRL_300MEETTHEMOLE
citgrl_garrus_shuttle_d_dlg,hench_garrus,BIOD_CITGRL_300MEETTHEMOLE
citgrl_mole_d_dlg,citgrl_mole,BIOD_CITGRL_300MEETTHEMOLE
citgrl_garrus_conclusion_d_dlg,hench_garrus,BIOD_CITGRL_300MEETTHEMOLE
cithub_gunny_a_dlg,cithub_gunnyModel,BIOD_CITHUB_100DOCK
cithub_gunny_a_dlg,cithub_gunnyModel,BIOD_CITHUB_100DOCK
cithub_rpplot_contact4_d_dlg,cithub_csec_custom,BIOD_CITHUB_100DOCK
cithub_rpplot_contact4_a_dlg,cithub_csec_custom,BIOD_CITHUB_100DOCK
cithub_tp_garrus_a_dlg,hench_garrus,BIOD_CITHUB_100DOCK
cithub_tp_mordin_a_dlg,hench_professor,BIOD_CITHUB_100DOCK
citasl_interrogate_intro_d_dlg,hench_assassin,BIOD_CITHUB_220ASL
citasl_interrogation_d_dlg,citasl_interrogate,BIOD_CITHUB_220ASL
citasl_interrogate_post_d_dlg,cithub_csec_officer_a,BIOD_CITHUB_220ASL
cithub_info_giver_d_dlg,cithub_csec_officer_a,BIOD_CITHUB_230BAILY
cithub_info_giver_abuse_a_dlg,cithub_csec_officer_a,BIOD_CITHUB_230BAILY
cithub_ad_mid_a_dlg,Not found,BIOD_CITHUB_200MAINROOM
cithub_avina_middle_d_dlg,cithub_avina,BIOD_CITHUB_200MAINROOM
cithub_mainnews_a_dlg,cithub_mainnews,BIOD_CITHUB_200MAINROOM
cithub_rpplot_giver1_d_dlg,cithub_rpplot_giver1,BIOD_CITHUB_200MAINROOM
cithub_rpplot_giver1_d_dlg,cithub_rpplot_giver1,BIOD_CITHUB_200MAINROOM
cithub_tp_legion_a_dlg,hench_geth,BIOD_CITHUB_200MAINROOM
cithub_rpplot_giver4_a_dlg,cithub_rpplot_contact4,BIOD_CITHUB_250RPPLOT4
cithub_rpplot_giver4_d_dlg,cithub_rpplot_contact4,BIOD_CITHUB_250RPPLOT4
citasl_post_success_h_dlg,Not found,BIOD_CITHUB_260ASLWRAP
cithub_zakcafe_amb_a_dlg,cithub_zak_chef,BIOD_CITHUB_240VENDORS
cithub_vend_decor_d_dlg,Cithub_vend_decor,BIOD_CITHUB_240VENDORS
cithub_citsouv_amb_a_dlg,cithub_citsouv_asari,BIOD_CITHUB_240VENDORS
citasl_first_contact_d_dlg,citasl_firstcontact,BIOD_CITHUB_300DIALOGUE
cithub_barkeep_d_dlg,cithub_barkeep,BIOD_CITHUB_310LOUNGE
cithub_barkeep_c_dlg,hench_1,BIOD_CITHUB_310LOUNGE
cithub_rpplot_contact1_d_dlg,cithub_rpplot_contact1,BIOD_CITHUB_310LOUNGE
cithub_rpplot_contact1_d_dlg,cithub_rpplot_contact1,BIOD_CITHUB_310LOUNGE
cithub_tp_jack_a_dlg,hench_convict,BIOD_CITHUB_310LOUNGE
cithub_tp_miranda_a_dlg,hench_vixen,BIOD_CITHUB_310LOUNGE
cithub_fake_games_a_dlg,cithub_fake_games,BIOD_CITHUB_300UPPERWING
cithub_fake_games_a_dlg,cithub_fake_games,BIOD_CITHUB_300UPPERWING
cithub_rpplot_giver5_d_dlg,cithub_rpplot_giver5,BIOD_CITHUB_300UPPERWING
cithub_rpplot_giver5_a_dlg,cithub_rpplot_giver5,BIOD_CITHUB_300UPPERWING
cithub_rodam_amb_a_dlg,cithub_rodam_tur,BIOD_CITHUB_300UPPERWING
cithub_vend_sniper_d_dlg,cithub_vend_sniper,BIOD_CITHUB_300UPPERWING
cithub_avina_upper_d_dlg,cithub_avina,BIOD_CITHUB_300UPPERWING
cithub_ad_high_a_dlg,Not found,BIOD_CITHUB_300UPPERWING
cithub_tp_jacob_a_dlg,hench_leading,BIOD_CITHUB_300UPPERWING
cithub_tp_zaeed_a_dlg,hench_veteran,BIOD_CITHUB_300UPPERWING
citasl_first_contact_a_dlg,citasl_firstcontact,BIOD_CITHUB_300UPPERWING
cithub_vend_biotic_d_dlg,cithub_vend_biotic,BIOD_CITHUB_420LOWERSOUTH
cithub_ad_low_a_dlg,cithub_ad_pawn,BIOD_CITHUB_420LOWERSOUTH
cithub_vend_omni_d_dlg,cithub_vend_omni,BIOD_CITHUB_420LOWERSOUTH
cithub_saronis_amb_a_dlg,SkelMesh_asari,BIOD_CITHUB_420LOWERSOUTH
cithub_sirta_amb_a_dlg,cithub_sirta_rebekah,BIOD_CITHUB_420LOWERSOUTH
cithub_tp_samara_a_dlg,hench_mystic,BIOD_CITHUB_420LOWERSOUTH
cithub_garrus_a_dlg,hench_ai,BIOD_CITHUB_400LOWERWING
cithub_garrus_a_dlg,hench_garrus,BIOD_CITHUB_400LOWERWING
cithub_soda_a_dlg,cithub_soda,BIOD_CITHUB_400LOWERWING
cithub_soda_a_dlg,cithub_soda,BIOD_CITHUB_400LOWERWING
cithub_rpplot_giver2_a_dlg,cithub_rpplot_giver2,BIOD_CITHUB_400LOWERWING
cithub_rpplot_giver2_d_dlg,cithub_rpplot_giver2,BIOD_CITHUB_400LOWERWING
cithub_fake_ramen_a_dlg,cithub_fake_ramen,BIOD_CITHUB_400LOWERWING
cithub_fake_ships_a_dlg,cithub_fake_ships,BIOD_CITHUB_400LOWERWING
cithub_avina_lower_d_dlg,cithub_avina,BIOD_CITHUB_400LOWERWING
cithub_fake_ramen_a_dlg,cithub_fake_ramen,BIOD_CITHUB_400LOWERWING
cithub_tp_grunt_a_dlg,hench_grunt,BIOD_CITHUB_400LOWERWING
cithub_tp_kasumi_a_dlg,hench_thief,BIOD_CITHUB_400LOWERWING
cithub_ad_hamlet_a_dlg,cithub_Hamlet_HMM1,BIOD_CITHUB_400LOWERWING
cithub_ware_amb_a_dlg,cithub_warehouse_refund,BIOD_CITHUB_400LOWERWING
citgrl_forger_thug_d_dlg,citgrl_first_thug,BIOD_CITHUB_430GRL
citprs_udina_d_dlg,citprs_udina,BIOD_CITHUB_EMBASSY
citprs_no_council_d_dlg,citprs_anderson,BIOD_CITHUB_EMBASSY
citprs_council_d_dlg,citprs_anderson,BIOD_CITHUB_EMBASSY
citprs_anderson_d_dlg,citprs_anderson,BIOD_CITHUB_EMBASSY
citprs_udina_d_dlg,citprs_udina,BIOD_CITHUB_EMBASSY
citprs_council_d_dlg,citprs_anderson,BIOD_CITHUB_EMBASSY
citprs_udina_d_dlg,citprs_udina,BIOD_CITHUB_EMBASSY
citprs_no_council_d_dlg,citprs_anderson,BIOD_CITHUB_EMBASSY
citprs_udina_d_dlg,citprs_udina,BIOD_CITHUB_EMBASSY
citprs_anderson_d_dlg,citprs_anderson,BIOD_CITHUB_EMBASSY
cithub_tp_tali_a_dlg,hench_tali,BIOD_CITHUB_EMBASSY
norcv_culmination_h_dlg,hench_convict,BIOD_ENDGM1_110ROMJACK
norcv_culm_cine_c_dlg,hench_convict,BIOD_ENDGM1_110ROMJACK
norgr_culmination_h_dlg,hench_garrus_romance,BIOD_ENDGM1_110ROMGARRUS
norlm_culmination_h_dlg,hench_leading,BIOD_ENDGM1_110ROMJACOB
nortl_culmination_h_dlg,hench_tali,BIOD_ENDGM1_110ROMTALI
nortl_culm_cine_c_dlg,hench_tali,BIOD_ENDGM1_110ROMTALI
noras_culm_cine_c_dlg,hench_assassin,BIOD_ENDGM1_110ROMTHANE
noras_culmination_h_dlg,hench_assassin,BIOD_ENDGM1_110ROMTHANE
norcr4_illusive_d_dlg,npc_illusive_man,BIOD_ENDGM1_115ILLUSIVECONV
norvx_culm_cine_c_dlg,hench_vixen,BIOD_ENDGM1_110ROMMIRRANDA
norvx_culmination_h_dlg,hench_vixen,BIOD_ENDGM1_110ROMMIRRANDA
norvx_culmination_h_dlg,hench_vixen,BIOD_ENDGM1_110ROMMIRRANDA
endgm1_enter_debris_field_a_dlg,hench_joker,BIOD_ENDGM1_210OCULUS01
endgm1_oculus_hints_a_dlg,Not found,BIOD_ENDGM1_210OCULUS01
endgm1_oculus_hints_a_dlg,Not found,BIOD_ENDGM1_200CARGOBAY
endgm1_oculus_hints_a_dlg,Not found,BIOD_ENDGM1_230OCULUS02
endgm2_gutterrunner_a_dlg,Not found,BIOD_ENDGM2_100INFILTRATE
endgm2_gutterrunner_a_dlg,Not found,BIOD_ENDGM2_100INFILTRATE
endgm2_gutterrunner_a_dlg,Not found,BIOD_ENDGM2_100INFILTRATE
endgm2_gutterrunner_a_dlg,Not found,BIOD_ENDGM2_100INFILTRATE
endgm2_gutterrunner_a_dlg,Not found,BIOD_ENDGM2_100INFILTRATE
endgm2_gutterrunner_a_dlg,Not found,BIOD_ENDGM2_100INFILTRATE
endgm2_gutterrunner_a_dlg,Not found,BIOD_ENDGM2_100INFILTRATE
endgm2_gutterrunner_a_dlg,Not found,BIOD_ENDGM2_100INFILTRATE
endgm2_gutterrunner_a_dlg,Not found,BIOD_ENDGM2_100INFILTRATE
endgm2_gutterrunner_a_dlg,Not found,BIOD_ENDGM2_100INFILTRATE
endgm2_gutterrunner_a_dlg,Not found,BIOD_ENDGM2_100INFILTRATE
endgm1_huddle_01c_d_dlg,hench_ai,BIOD_ENDGM1_310HUDDLE
endgm1_huddle_01a_d_dlg,hench_ai,BIOD_ENDGM1_310HUDDLE
endgm1_huddle_01b_d_dlg,hench_ai,BIOD_ENDGM1_310HUDDLE
endgm2_vent_update1_a_dlg,Not found,BIOD_ENDGM2_110START
endgm1_crash_choice1_c_dlg,hench_vixen,BIOD_ENDGM1_240CUTSCENES
endgm1_crash_choice2_c_dlg,hench_vixen,BIOD_ENDGM1_240CUTSCENES
endgm2_team_c01_a_dlg,Not found,BIOD_ENDGM2_120THEHIVES
endgm2_warnings_a_dlg,Not found,BIOD_ENDGM2_120THEHIVES
endgm2_team_c02_a_dlg,Not found,BIOD_ENDGM2_140COVERCORRIDOR
endgm2_warnings_a_dlg,Not found,BIOD_ENDGM2_140COVERCORRIDOR
endgm2_team_c03_a_dlg,Not found,BIOD_ENDGM2_160HONEYCOMBS
endgm2_warnings_a_dlg,Not found,BIOD_ENDGM2_160HONEYCOMBS
endgm2_warnings_a_dlg,Not found,BIOD_ENDGM2_180FACTORYENTRYB
endgm2_longwalk_a_dlg,Not found,BIOD_ENDGM2_300WALK01
endgm2_team_c04_a_dlg,Not found,BIOD_ENDGM2_300WALK01
endgm2_huddle_02c_d_dlg,hench_vixen,BIOD_ENDGM2_200FACTORY
endgm2_huddle_02a_d_dlg,hench_vixen,BIOD_ENDGM2_200FACTORY
endgm2_huddle_02b_d_dlg,hench_vixen,BIOD_ENDGM2_200FACTORY
endgm2_huddle_02c_d_dlg,hench_vixen,BIOD_ENDGM2_200FACTORY
endgm2_longwalk_a_dlg,Not found,BIOD_ENDGM2_300LONGWALK
endgm2_longwalk_a_dlg,Not found,BIOD_ENDGM2_300WALK02
endgm2_leaderbarks_a_dlg,Not found,BIOD_ENDGM2_300WALK02
endgm2_longwalk_a_dlg,Not found,BIOD_ENDGM2_300WALK02
endgm2_leaderbarks_a_dlg,Not found,BIOD_ENDGM2_300WALK04
endgm2_longwalk_a_dlg,Not found,BIOD_ENDGM2_300WALK04
endgm2_longwalk_a_dlg,Not found,BIOD_ENDGM2_300WALK04
endgm2_leaderbarks_a_dlg,Not found,BIOD_ENDGM2_300WALK05
endgm2_longwalk_a_dlg,Not found,BIOD_ENDGM2_300WALK05
endgm2_longwalk_a_dlg,Not found,BIOD_ENDGM2_300WALK03
endgm2_leaderbarks_a_dlg,Not found,BIOD_ENDGM2_300WALK03
endgm2_longwalk_a_dlg,Not found,BIOD_ENDGM2_300WALK03
endgm2_huddle_03b_d_dlg,hench_Vixen,BIOD_ENDGM2_410HOLDTHELINE
endgm2_huddle_03a_d_dlg,hench_joker,BIOD_ENDGM2_410HOLDTHELINE
endgm2_reaper_reveal_d_dlg,hench_ai,BIOD_ENDGM2_425REAPERREVEAL
endgm2_boss_fight_a_dlg,Not found,BIOD_ENDGM2_420COMBATZONE
endgm2_boss_fight_a_dlg,Not found,BIOD_ENDGM2_420COMBATZONE
endgm2_reaper_reveal_a_dlg,hench_ai,BIOD_ENDGM2_420COMBATZONE
endgm2_boss_fight_a_dlg,Not found,BIOD_ENDGM2_420COMBATZONE
endgm2_boss_fight_a_dlg,Not found,BIOD_ENDGM2_425REAPERTUBES
endgm2_boss_fight_a_dlg,Not found,BIOD_ENDGM2_425REAPERTUBES
endgm2_illusive_d_dlg,endgm2_illusive,BIOD_ENDGM2_430FINALDECISION
horcr1_professor_vo_d_dlg,Not found,BIOD_HORCR1_101OUTSIDEFIELD
horcr1_lost_comm_a_dlg,Not found,BIOD_HORCR1_101OUTSIDEFIELD
horcr1_husks_d_dlg,Not found,BIOD_HORCR1_102FARM_B
horcr1_husks_tgen_dlg,Not found,BIOD_HORCR1_201VILLAGE
horcr1_empty_farm_h_dlg,Not found,BIOD_HORCR1_201VILLAGE_B
horcr1_street_statues_h_dlg,Not found,BIOD_HORCR1_201VILLAGE_B
horcr1_shelter_survivor_d_dlg,horcr1_mechanic,BIOD_HORCR1_202WAREHOUSE
horcr1_possessed_c_dlg,global_collector_general,BIOD_HORCR1_204COLLECTGENROOM
horcr1_shelter_survivor_d_dlg,horcr1_mechanic,BIOD_HORCR1_202WAREHOUSE
horcr1_abductees_h_dlg,Not found,BIOD_HORCR1_301INDUSTRIALAREA
jnkkga_arrival_c_dlg,Not found,BIOD_JNKKGA_100LANDING
jnkkga_enemy_ahead_h_dlg,Not found,BIOD_JNKKGA_120TRENCH
jnkkga_enemies_above_h_dlg,Not found,BIOD_JNKKGA_120TRENCH
jnkkga_dyingmerc_d_dlg,dying_merc,BIOD_JNKKGA_120TRENCH
jnkkga_radio_chatter_e_dlg,jnkkga_merc_radio,BIOD_JNKKGA_130WRECK
horcr1_spaceport_fight03_a_dlg,Not found,BIOD_HORCR1_302SPACEPORT
horcr1_spaceport_fight03_a_dlg,Not found,BIOD_HORCR1_302SPACEPORT
horcr1_spaceport_fight03_a_dlg,Not found,BIOD_HORCR1_302SPACEPORT
horcr1_spaceport_fight01_a_dlg,Not found,BIOD_HORCR1_302SPACEPORT
horcr1_boss_prep_a_dlg,Not found,BIOD_HORCR1_302SPACEPORT
horcr1_spaceport_fight02_a_dlg,Not found,BIOD_HORCR1_302SPACEPORT
horcr1_spaceport_fight03_a_dlg,Not found,BIOD_HORCR1_302SPACEPORT
horcr1_transmitter_h_dlg,Not found,BIOD_HORCR1_302SPACEPORT
horcr1_spaceport_fight01_a_dlg,Not found,BIOD_HORCR1_302SPACEPORT
horcr1_boss_prep_a_dlg,Not found,BIOD_HORCR1_302SPACEPORT
jnkkga_trenchesamb_h_dlg,Not found,BIOD_JNKKGA_140RESCUE
jnkkga_trenchmercs_e_dlg,jnkkga_rescuemerc,BIOD_JNKKGA_140RESCUE
jnkkga_kroganfriend_02_d_dlg,jnkkga_krogan_friend,BIOD_JNKKGA_140RESCUE
jnkkga_kroganfriend_d_dlg,jnkkga_krogan_friend,BIOD_JNKKGA_140RESCUE
horcr1_ash_end_d_dlg,horcr1_Ashley,BIOD_HORCR1_302SPACEPORT
horcr1_kaidan_end_d_dlg,horcr1_Kaidan,BIOD_HORCR1_302SPACEPORT
horcr1_mechanic_end_d_dlg,horcr1_mechanic,BIOD_HORCR1_302SPACEPORT
horcr1_edie_spaceport_d_dlg,hench_ai,BIOD_HORCR1_302SPACEPORT
jnkkga_mercrunner_a_dlg,pl_fleeing_merc,BIOD_JNKKGA_200INFILTRATE
jnkkga_biologist_a_dlg,jnkkga_okeeer,BIOD_JNKKGA_300LABS
jnkkga_computer_a_dlg,jnkkga_computer,BIOD_JNKKGA_300LABS
jnkkga_deathmessage_a_dlg,jnkkga_okeeer_recording,BIOD_JNKKGA_300LABS
jnkkga_biologist_d_dlg,jnkkga_okeeer,BIOD_JNKKGA_300LABS
jnkkga_biologist_d_dlg,jnkkga_okeeer,BIOD_JNKKGA_300LABS
jnkkga_thanoptis_a_dlg,npc_RanaThanoptis,BIOD_JNKKGA_300LABS
jnkkga_thanoptis_d_dlg,npc_RanaThanoptis,BIOD_JNKKGA_300LABS
jnkkga_tankfinal_d_dlg,Not found,BIOD_JNKKGA_300LABS
jnkkga_check_bio_h_dlg,Not found,BIOD_JNKKGA_320BOSS
jnkkga_mercbossfight_a_dlg,jnkkga_boss,BIOD_JNKKGA_320BOSS
juncvl_memory01_h_dlg,hench_convict,BIOD_JUNCVL_100LANDING
juncvl_get_inside_h_dlg,hench_convict,BIOD_JUNCVL_100LANDING
jnkkga_mercbossfight_a_dlg,jnkkga_boss,BIOD_JNKKGA_320BOSS
jnkkga_mercbossfight_a_dlg,jnkkga_boss,BIOD_JNKKGA_320BOSS
jnkkga_mercbossfight_a_dlg,jnkkga_boss,BIOD_JNKKGA_320BOSS
jnkkga_edi_hint_a_dlg,jnkkga_edi,BIOD_JNKKGA_320BOSS
juncvl_jungle_h_dlg,hench_convict,BIOD_JUNCVL_100LANDING
juncvl_clue00_h_dlg,juncvl_secoff,BIOD_JUNCVL_100LANDING
juncvl_clue00_h_dlg,juncvl_secoff,BIOD_JUNCVL_100LANDING
juncvl_memory02_h_dlg,hench_convict,BIOD_JUNCVL_101TRAININGHALL
juncvl_battle_room_tcv_dlg,hench_convict,BIOD_JUNCVL_101TRAININGHALL
juncvl_morgueamb_h_dlg,hench_convict,BIOD_JUNCVL_102MORGUESTAIRS
juncvl_clue01_h_dlg,juncvl_secoff,BIOD_JUNCVL_102MORGUESTAIRS
juncvl_labamb_h_dlg,Not found,BIOD_JUNCVL_202HOLDINGCELLS
juncvl_memory03_h_dlg,hench_convict,BIOD_JUNCVL_202HOLDINGCELLS
juncvl_clue02_h_dlg,juncvl_scientist,BIOD_JUNCVL_202HOLDINGCELLS
juncvl_clue02_h_dlg,juncvl_scientist,BIOD_JUNCVL_202HOLDINGCELLS
juncvl_memory03_h_dlg,hench_convict,BIOD_JUNCVL_202HOLDINGCELLS
juncvl_labamb_h_dlg,Not found,BIOD_JUNCVL_201HALLTOCELLS
juncvl_morgueamb_h_dlg,Not found,BIOD_JUNCVL_103MORGUE
juncvl_morgue_tcv_dlg,hench_convict,BIOD_JUNCVL_103MORGUE
juncvl_seecellamb_h_dlg,hench_convict,BIOD_JUNCVL_203COLLECTORFIGHT
juncvl_no_open_a_dlg,juncvl_survivor,BIOD_JUNCVL_203COLLECTORFIGHT
juncvl_boss_d_dlg,juncvl_merc_boss,BIOD_JUNCVL_203COLLECTORFIGHT
krohub_arrival_ai_a_dlg,hench_ai,BIOD_KROHUB
juncvl_memory04_h_dlg,Not found,BIOD_JUNCVL_204MAINCELL
juncvl_survivor_d_dlg,juncvl_survivor,BIOD_JUNCVL_204MAINCELL
krohub_wrexguards_a_dlg,krohub_guards,BIOD_KROHUB_101LANDINGPAD
krohub_wrexguards_a_dlg,krohub_guards,BIOD_KROHUB_101LANDINGPAD
krohub_wreavguards_a_dlg,krohub_guards,BIOD_KROHUB_101LANDINGPAD
krohub_wreavguards_a_dlg,krohub_guards,BIOD_KROHUB_101LANDINGPAD
krohub_bluerose_post_a_dlg,twrhub_bluerose_krogan,BIOD_KROHUB_101LANDINGPAD
krohub_overcaptain_a_dlg,krohub_overcaptain,BIOD_KROHUB_101LANDINGPAD
krohub_merc_recruiter_d_dlg,krohub_merc_recruit,BIOD_KROHUB_101LANDINGPAD
krohub_tp_miranda_a_dlg,hench_vixen,BIOD_KROHUB_101LANDINGPAD
krohub_overcaptain_d_dlg,krohub_overcaptain,BIOD_KROHUB_101LANDINGPAD
krohub_overcaptain_d_dlg,krohub_overcaptain,BIOD_KROHUB_101LANDINGPAD
krohub_cannon_a_dlg,krohub_chief_scout,BIOD_KROHUB_100MAINHUB
krohub_wreavguards_a_dlg,krohub_guards,BIOD_KROHUB_102LOFT
krohub_pitguards_a_dlg,Not found,BIOD_KROHUB_100MAINHUB
krohub_ambassadorguards_a_dlg,krohub_ambassadorguards,BIOD_KROHUB_102LOFT
krohub_wrexguards_a_dlg,krohub_guards,BIOD_KROHUB_100MAINHUB
krohub_wrexguards_a_dlg,krohub_guards,BIOD_KROHUB_102LOFT
krohub_wreavguards_a_dlg,krohub_guards,BIOD_KROHUB_100MAINHUB
krohub_wreavguards_a_dlg,krohub_guards,BIOD_KROHUB_102LOFT
krohub_tp_tali_a_dlg,hench_tali,BIOD_KROHUB_102LOFT
krohub_bonusamb2_a_dlg,krohub_kids,BIOD_KROHUB_100MAINHUB
krohub_bonusamb3_a_dlg,krohub_galaxy,BIOD_KROHUB_100MAINHUB
krohub_killedthresher_a_dlg,krohub_galaxy,BIOD_KROHUB_100MAINHUB
krohub_mechanic_a_dlg,krohub_mechanic,BIOD_KROHUB_100MAINHUB
krohub_ambassador_d_dlg,krohub_ambassador,BIOD_KROHUB_102LOFT
krohub_varrenpit_a_dlg,krohub_pitguard,BIOD_KROHUB_100MAINHUB
krohub_female_d_dlg,krohub_female,BIOD_KROHUB_102LOFT
krohub_wrestlers_a_dlg,krohub_wrestler1,BIOD_KROHUB_100MAINHUB
krohub_local_merchant_a_dlg,krohub_merchant,BIOD_KROHUB_100MAINHUB
nor_globalnews_a_dlg,Galactic News,BIOD_KROHUB_102LOFT
krohub_tp_garrus_a_dlg,hench_garrus,BIOD_KROHUB_100MAINHUB
krohub_tp_grunt_a_dlg,hench_grunt,BIOD_KROHUB_100MAINHUB
krohub_tp_jack_a_dlg,hench_convict,BIOD_KROHUB_100MAINHUB
krohub_tp_kasumi_a_dlg,hench_thief,BIOD_KROHUB_100MAINHUB
krohub_tp_legion_a_dlg,hench_geth,BIOD_KROHUB_100MAINHUB
krohub_tp_samara_a_dlg,hench_mystic,BIOD_KROHUB_100MAINHUB
krohub_tp_thane_a_dlg,hench_assassin,BIOD_KROHUB_100MAINHUB
krohub_tp_zaeed_a_dlg,hench_veteran,BIOD_KROHUB_100MAINHUB
krohub_bonusamb1_a_dlg,krohub_racial,BIOD_KROHUB_103LOADTUNNEL
krohub_grunt_hater_d_dlg,krokgl_grunthater,BIOD_KROHUB_100MAINHUB
krohub_urz_d_dlg,npca_FriendlyHound,BIOD_KROHUB_100MAINHUB
krohub_mechanic_d_dlg,krohub_mechanic,BIOD_KROHUB_100MAINHUB
krohub_merchant_d_dlg,krohub_merchant,BIOD_KROHUB_100MAINHUB
krohub_scientist_a_dlg,krohub_scientist,BIOD_KROHUB_104MEDLAB
krohub_injured_krogan_a_dlg,krohub_injured_krogan,BIOD_KROHUB_104MEDLAB
krohub_urzinjured_a_dlg,npca_FriendlyHound,BIOD_KROHUB_104MEDLAB
krohub_tp_jacob_a_dlg,hench_leading,BIOD_KROHUB_104MEDLAB
krohub_tp_mordin_a_dlg,hench_professor,BIOD_KROHUB_104MEDLAB
krohub_tp_morinth_a_dlg,hench_vampire,BIOD_KROHUB_104MEDLAB
krohub_scientist_d_dlg,krohub_scientist,BIOD_KROHUB_104MEDLAB
krohub_wrex_d_dlg,krohub_wrex,BIOD_KROHUB_107WREX
krohub_clanleader_d_dlg,krohub_clanleader,BIOD_KROHUB_108WREAV
krokgl_shamantent_d_dlg,krokgl_shamantent,BIOD_KROHUB_110GRUNTLOYALTY
krohub_chief_scout_d_dlg,krohub_chief_scout,BIOD_KROHUB_120MORDINLOYALTY
krokgl_crateramb_h_dlg,hench_grunt,BIOD_KROKGL
krokgl_keystone_a_dlg,krokgl_LoudSpeaker,BIOD_KROKGL
krokgl_keystoneexit_d_dlg,krokgl_LoudSpeaker,BIOD_KROKGL
krokgl_crateramb_h_dlg,hench_grunt,BIOD_KROKGL
krokgl_crateramb_h_dlg,hench_grunt,BIOD_KROKGL
krokgl_crateramb_h_dlg,hench_grunt,BIOD_KROKGL
krokgl_crateramb_h_dlg,hench_grunt,BIOD_KROKGL
krokgl_crateramb_h_dlg,hench_grunt,BIOD_KROKGL_103KROGANATTACK
krokgl_grunthater_crater_d_dlg,krokgl_grunthater,BIOD_KROKGL_103KROGANATTACK
kroprl_vista_crater_h_dlg,hench_professor,BIOD_KROPRL_100RUINS
kroprl_prison_entrance_h_dlg,Not found,BIOD_KROPRL_275TRANS
kroprl_human_body_tgen_dlg,hench_professor,BIOD_KROPRL_275TRANS
kroprl_console_h_dlg,hench_professor,BIOD_KROPRL_350HOSPHALL
kroprl_deadkrogan_h_dlg,hench_professor,BIOD_KROPRL_350HOSPHALL
kroprl_sick_krogan_d_dlg,KroPrL_SickKrogan,BIOD_KROPRL_375TRANS
kroprl_hallway_h_dlg,hench_professor,BIOD_KROPRL_300HOSPENT
kroprl_clanspeaker_d_dlg,Weyrloc_ClanSpeaker,BIOD_KROPRL_300HOSPENT
kroprl_protege_d_dlg,KroPrl_protege,BIOD_KROPRL_450HOSPMORG
kroprl_edi_hint_a_dlg,EDI,BIOD_KROPRL_400HOSPMAIN
n7_hench_it_was_recent_dlg,Not found,BIOD_N7BLDINV1_100
n7_hench_atmo_hostile_dlg,Not found,BIOD_N7BLDINV1_100
n7_hench_what_happened_dlg,Not found,BIOD_N7BLDINV1_100
n7_hench_why_were_they_here_dlg,Not found,BIOD_N7BLDINV1_100
n7bldinv1_fog_dlg,Not found,BIOD_N7BLDINV1_100
n7crsh_mission_brief_dlg,Not found,BIOD_N7CRASH
n7bldinv2_generator_dlg,Not found,BIOD_N7BLDINV2_100
n7_hench_get_out_dlg,Not found,BIOD_N7BLDINV2_100
n7_hench_closer_look_dlg,Not found,BIOD_N7BLDINV2_100
n7mmnt10_reaper_device_dlg,EDI,BIOD_N7MMNT10_100
n7mmnt3_resources_in_walls_dlg,EDI,BIOD_N7MMNT3
n7_hench_get_out_dlg,Not found,BIOD_N7MMNT2
n7mmnt2_biosign_detected_dlg,EDI,BIOD_N7MMNT2
n7_hench_combat_a_dlg,Not found,BIOD_N7MMNT2
n7mmnt2_quarian_stabilized_dlg,EDI,BIOD_N7MMNT2
n7mmnt2_quarian_thanks_dlg,EDI,BIOD_N7MMNT2
n7_hench_we_did_it_dlg,Not found,BIOD_N7MMNT4
n7mmnt4_impact_imminent_dlg,EDI,BIOD_N7MMNT4
n7mmnt7_mission_failed_dlg,EDI,BIOD_N7MMNT7
n7mmnt7_killswitch_dlg,EDI,BIOD_N7MMNT7
n7mmnt7_warning_dlg,EDI,BIOD_N7MMNT7
n7_hench_we_did_it_dlg,Not found,BIOD_N7MMNT7
n7_hench_combat_a_dlg,Not found,BIOD_N7MMNT7
n7_hench_firefight_dlg,Not found,BIOD_N7MMNT7
n7mmnt5_destroy_intel_dlg,EDI,BIOD_N7MMNT5
n7_hench_what_happened_dlg,Not found,BIOD_N7MMNT5
n7spdr3_facility_closed_dlg,Mining Facility Announcement,BIOD_N7SPDR3_200
n7spdr3_fired_miner_dlg,Fired Miner,BIOD_N7SPDR3_200
n7spdr3_closure_announce_dlg,Closure Notice,BIOD_N7SPDR3_200
n7spdr3_entry_ambush_dlg,Deployment Orders,BIOD_N7SPDR3_100
n7_hench_combat_a_dlg,Not found,BIOD_N7SPDR3_100
n7spdr3_cargo_orders_dlg,Cargo Orders,BIOD_N7SPDR3_300
n7_hench_we_did_it_dlg,Not found,BIOD_N7SPDR2
n7_hench_we_did_it_dlg,Not found,BIOD_N7SPDR2
n7_hench_combat_a_dlg,Not found,BIOD_N7SPDR2
n7spdr2_vorhess_dlg,Captain Vorhess,BIOD_N7SPDR2
n7spdr2_hostiles_defeated_dlg,EDI,BIOD_N7SPDR2
n7_hench_anyone_left_dlg,Not found,BIOD_N7SPDR2
n7_hench_what_happened_dlg,Not found,BIOD_N7SPDR2
n7_hench_a_way_in_dlg,Not found,BIOD_N7SPDR2
n7_hench_why_were_they_here_dlg,Not found,BIOD_N7SPDR2
n7_hench_some_intel_dlg,Not found,BIOD_N7SPDR2
n7viq2_labcomplete_a_dlg,Not found,BIOD_N7VIQ2_100
n7viq2_labrotateany_a_dlg,Not found,BIOD_N7VIQ2_100
n7viq2_labrotatefirst_a_dlg,Not found,BIOD_N7VIQ2_100
n7viq2_powerliving_a_dlg,Not found,BIOD_N7VIQ2_100
n7viq2_livingdoor0_dlg,Not found,BIOD_N7VIQ2_100
n7viq2_livingcomplete_a_dlg,Not found,BIOD_N7VIQ2_100
n7viq2_livingdoor1_dlg,Not found,BIOD_N7VIQ2_100
n7viq2_livingdoor2_dlg,Not found,BIOD_N7VIQ2_100
n7spdr3_pirate_boss_attack_dlg,Captain Narom,BIOD_N7SPDR3_400
n7_hench_we_did_it_dlg,Not found,BIOD_N7SPDR3_400
n7viq2_livingdoor3_dlg,Not found,BIOD_N7VIQ2_100
n7viq2_livingdoor5_dlg,Not found,BIOD_N7VIQ2_100
n7viq2_mainwarn2_dlg,Not found,BIOD_N7VIQ2_100
n7viq2_mainwarn1_dlg,Not found,BIOD_N7VIQ2_100
n7viq2_enterhub_a_dlg,Not found,BIOD_N7VIQ2_100
n7viq2_missioncomplete_a_dlg,Not found,BIOD_N7VIQ2_100
n7viq2_ambient4_a_dlg,Not found,BIOD_N7VIQ2_100
n7viq2_powerdocking_a_dlg,Not found,BIOD_N7VIQ2_100
n7viq2_hackthreat_dlg,Not found,BIOD_N7VIQ2_100
n7_hench_hostile_mechs_dlg,Not found,BIOD_N7VIQ3_100
n7viq2_powermain_a_dlg,Not found,BIOD_N7VIQ2_100
n7viq2_powerhub_a_dlg,Not found,BIOD_N7VIQ2_100
n7viq2_powerlab_a_dlg,Not found,BIOD_N7VIQ2_100
n7viq2_ambient5_a_dlg,Not found,BIOD_N7VIQ2_100
n7viq2_ambient1_a_dlg,Not found,BIOD_N7VIQ2_100
n7viq2_ambient2_a_dlg,Not found,BIOD_N7VIQ2_100
n7viq2_ambient3_a_dlg,Not found,BIOD_N7VIQ2_100
n7_hench_get_out_dlg,Not found,BIOD_N7VIQ1
n7viq1_storm_warning_b_dlg,Shuttle VI,BIOD_N7VIQ1
n7viq1_evacuation_dlg,Evacuation Order,BIOD_N7VIQ1
n7viq1_storm_warning_e_dlg,Shuttle VI,BIOD_N7VIQ1
n7viq1_storm_warning_c_dlg,Shuttle VI,BIOD_N7VIQ1
n7viq1_storm_warning_d_dlg,Shuttle VI,BIOD_N7VIQ1
n7viq1_mechs_approaching_dlg,Shuttle VI,BIOD_N7VIQ1
n7viq1_storm_warning_a_dlg,Shuttle VI,BIOD_N7VIQ1
n7viq1_security_report_dlg,Security Report,BIOD_N7VIQ1
n7viq1_cargo_crew_dlg,Not found,BIOD_N7VIQ1
n7viq1_navigator_msg_dlg,Navigator's Log,BIOD_N7VIQ1
n7_hench_get_out_dlg,Shuttle VI,BIOD_N7VIQ1
norcr3_edi_hints_a_dlg,hench_ai,BIOD_NOR
n7_hench_anyone_left_dlg,Not found,BIOD_N7VIQ3_200
nor_ai_tour_shepqtrs_a_dlg,hench_ai_tour,BIOD_NOR_000CABIN
norjk_relationship_00_dlg,hench_joker,BIOD_NOR_102AJOKER
norjk_relationship_01_dlg,hench_joker,BIOD_NOR_102AJOKER
norjk_starter_h_dlg,hench_joker,BIOD_NOR_101COCKPIT
nor_joker_rec_last_a_dlg,hench_joker,BIOD_NOR_101COCKPIT
nor_joker_rec_last_a_dlg,hench_joker,BIOD_NOR_101COCKPIT
nor_ai_starter_dlg,hench_ai_cockpit,BIOD_NOR_101COCKPIT
nor_ai_tour_cic_a_dlg,hench_ai_tour,BIOD_NOR_103CIC
norcr3_joker_shuttle_d_dlg,hench_joker_cockpit,BIOD_NOR_103CIC
endgm1_relay_confirm_d_dlg,hench_ai,BIOD_NOR_103CIC
nor_galaxy_map_a_dlg,hench_joker,BIOD_NOR_103CIC
nor_ai_tour_comm_d_dlg,hench_ai,BIOD_NOR_104COMM
norcr1_shepandprof_c_dlg,hench_professor,BIOD_NOR_104ACOMMIM
norcr1_begin_d_dlg,nor_illusive_man,BIOD_NOR_104ACOMMIM
norcr2_begin_d_dlg,nor_illusive_man,BIOD_NOR_104ACOMMIM
nor_ai_edi_remind_h_dlg,hench_ai,BIOD_NOR_105CERBERUSCREW
nor_yeoman_a_dlg,nor_yeoman,BIOD_NOR_105CERBERUSCREW
nor_crew_cic_a_dlg,nor_crew03,BIOD_NOR_105CERBERUSCREW
nor_yeoman_d_dlg,nor_yeoman,BIOD_NOR_105CERBERUSCREW
nortla_debrief_d_dlg,hench_tali,BIOD_NOR_111DEBRIEFTALI
norcr1_debriefing_d_dlg,nor_illusive_man,BIOD_NOR_110DEBRIEFLEADVIXEN
norcr1_post_debrief_h_dlg,hench_leading,BIOD_NOR_110DEBRIEFLEADVIXEN
norcr3_denoument2_d_dlg,hench_joker,BIOD_NOR_110DEBRIEFLEADVIXEN
norgta_debrief_h_dlg,hench_vixen,BIOD_NOR_110DEBRIEFLEADVIXEN
norkga_debrief_d_dlg,hench_vixen,BIOD_NOR_110DEBRIEFLEADVIXEN
bchlml_epilogue_h_dlg,hench_leading,BIOD_NOR_110DEBRIEFLEADVIXEN
norgra_debriefing_d_dlg,hench_garrus,BIOD_NOR_112DEBRIEFGARRUS
norpra_debrief_d_dlg,hench_professor,BIOD_NOR_113DEBRIEFPROFESSOR
normwa_debrief_d_dlg,hench_mystic,BIOD_NOR_114DEBRIEFMYSTIC
norcva_debrief_d_dlg,hench_convict,BIOD_NOR_115DEBRIEFCONVICT
norasa_debrief_d_dlg,hench_assassin,BIOD_NOR_116DEBRIEFASSASSIN
norcr0_debriefing_d_dlg,hench_vixen,BIOD_NOR_117DEBRIEFSTART
norcr2_team_meeting_d_dlg,hench_professor,BIOD_NOR_121DEBRIEFCR2
norcr2_debriefing_d_dlg,nor_illusive_man,BIOD_NOR_121DEBRIEFCR2
norpr_loyalty_01_h_dlg,hench_professor,BIOD_NOR_130AMORDIN
norpr_loyalty_02_h_dlg,hench_professor,BIOD_NOR_130AMORDIN
norpr_relationship_00_h_dlg,hench_professor,BIOD_NOR_130AMORDIN
norpr_relationship_04_h_dlg,hench_professor,BIOD_NOR_130BMORDIN
norpr_relationship_01_h_dlg,hench_professor,BIOD_NOR_130BMORDIN
norpr_relationship_03_h_dlg,hench_professor,BIOD_NOR_130BMORDIN
norcr3_denoument2_d_dlg,hench_joker,BIOD_NOR_122DEBRIEFCR3
nor_ai_tour_lab_d_dlg,hench_ai_tour,BIOD_NOR_130TECHLABS
norpr_starter_h_dlg,hench_professor,BIOD_NOR_130TECHLABS
norlml_loyalty_01_h_dlg,hench_leading,BIOD_NOR_141AJACOB
norlm_relationship_00_dlg,hench_leading,BIOD_NOR_141AJACOB
norlm_relationship_01_dlg,hench_leading,BIOD_NOR_141AJACOB
norlm_relationship_05_dlg,hench_leading,BIOD_NOR_141BJACOB
norlm_relationship_04_dlg,hench_leading,BIOD_NOR_141BJACOB
norlm_relationship_03_dlg,hench_leading,BIOD_NOR_141BJACOB
norlm_relationship_02_dlg,hench_leading,BIOD_NOR_141BJACOB
nor_ai_tour_armory_a_dlg,hench_ai_tour,BIOD_NOR_140ARMORY
norlm_starter_h_dlg,hench_leading,BIOD_NOR_141JACOB
norgr_loyalty_01_h_dlg,hench_garrus,BIOD_NOR_210AGARRUS
norgr_relationship_00_h_dlg,hench_garrus,BIOD_NOR_210AGARRUS
norgr_relationship_05_h_dlg,hench_garrus,BIOD_NOR_210BGARRUS
norgr_relationship_04_h_dlg,hench_garrus,BIOD_NOR_210BGARRUS
norgr_relationship_03_h_dlg,hench_garrus,BIOD_NOR_210BGARRUS
norgr_starter_h_dlg,hench_garrus,BIOD_NOR_210MAINBATTERY
nor_ai_tour_gunnery_d_dlg,hench_ai_tour,BIOD_NOR_210MAINBATTERY
norvx_loyalty_01_h_dlg,hench_vixen,BIOD_NOR_220AMIRANDA
norvx_loyalty_02_h_dlg,hench_vixen,BIOD_NOR_220AMIRANDA
norvx_relationship_00_h_dlg,hench_vixen,BIOD_NOR_220AMIRANDA
norvx_relationship_01_h_dlg,hench_vixen,BIOD_NOR_220AMIRANDA
norvx_relationship_05_h_dlg,hench_vixen,BIOD_NOR_220BMIRANDA
norvx_relationship_04_h_dlg,hench_vixen,BIOD_NOR_220BMIRANDA
norvx_relationship_03_h_dlg,hench_vixen,BIOD_NOR_220BMIRANDA
norvx_starter_h_dlg,hench_vixen,BIOD_NOR_220MIRANDA
norcvc_conflict_h_dlg,hench_convict,BIOD_NOR_221CONFLICTMIRANDA
normw_loyalty_01_h_dlg,hench_mystic,BIOD_NOR_230ASAMARA
normw_loyalty_02_h_dlg,hench_mystic,BIOD_NOR_230ASAMARA
normw_relationship_00_h_dlg,hench_mystic,BIOD_NOR_230ASAMARA
normw_relationship_04_h_dlg,hench_mystic,BIOD_NOR_230BSAMARA
normw_relationship_01_h_dlg,hench_mystic,BIOD_NOR_230BSAMARA
normw_relationship_03_h_dlg,hench_mystic,BIOD_NOR_230BSAMARA
normw_starter_h_dlg,hench_mystic,BIOD_NOR_230SAMARA
normw_please_h_dlg,hench_mystic,BIOD_NOR_230SAMARA
nor_ai_tour_observ_d_dlg,hench_ai_tour,BIOD_NOR_230SAMARA
norva_starter_h_dlg,hench_vampire,BIOD_NOR_231AMORINTH
noras_loyalty01_h_dlg,hench_assassin,BIOD_NOR_240ATHANE
noras_relationship00_h_dlg,hench_assassin,BIOD_NOR_240ATHANE
noras_relationship01_h_dlg,hench_assassin,BIOD_NOR_240ATHANE
noras_relationship05_h_dlg,hench_assassin,BIOD_NOR_240BTHANE
noras_relationship04_h_dlg,hench_assassin,BIOD_NOR_240BTHANE
noras_relationship03_h_dlg,hench_assassin,BIOD_NOR_240BTHANE
noras_relationship02_h_dlg,hench_assassin,BIOD_NOR_240BTHANE
norgt_loyalty01_dlg,hench_geth,BIOD_NOR_260ALEGION
norgt_relationship00_h_dlg,hench_geth,BIOD_NOR_260ALEGION
norgt_relationship01_h_dlg,hench_geth,BIOD_NOR_260ALEGION
norgt_relationship04_h_dlg,hench_geth,BIOD_NOR_260BLEGION
norgt_relationship03_h_dlg,hench_geth,BIOD_NOR_260BLEGION
norgt_relationship02_h_dlg,hench_geth,BIOD_NOR_260BLEGION
nortlc_conflict_h_dlg,Hench_Tali,BIOD_NOR_261CONFLICTLEGION
nor_cook_d_dlg,nor_cook,BIOD_NOR_250HENCHMEN
nor_cook_a_dlg,nor_cook,BIOD_NOR_250HENCHMEN
nor_crew_quarters_a_dlg,nor_crew05,BIOD_NOR_250HENCHMEN
noras_starter_h_dlg,hench_assassin,BIOD_NOR_250HENCHMEN
norgt_starter_h_dlg,hench_geth,BIOD_NOR_250HENCHMEN
nor_ai_tour_aicore_d_dlg,hench_ai_tour,BIOD_NOR_250HENCHMEN
norcv_relationship_00_h_dlg,hench_convict,BIOD_NOR_310AJACK
norcv_loyalty_01_h_dlg,hench_convict,BIOD_NOR_310AJACK
norcv_loyalty_02_h_dlg,hench_convict,BIOD_NOR_310AJACK
norcv_relationship_01_h_dlg,hench_convict,BIOD_NOR_310AJACK
nor_ai_tour_medical_a_dlg,hench_ai_tour,BIOD_NOR_270MEDICAL
nor_doctor_d_dlg,nor_doctor,BIOD_NOR_270MEDICAL
nor_doctor_d_dlg,nor_doctor,BIOD_NOR_270MEDICAL
nortl_loyalty_01_h_dlg,hench_tali,BIOD_NOR_320ATALI
nortl_loyalty_02_h_dlg,hench_tali,BIOD_NOR_320ATALI
nortl_relationship_00_h_dlg,hench_tali,BIOD_NOR_320ATALI
norcv_relationship_05_h_dlg,hench_convict,BIOD_NOR_310BJACK
norcv_relationship_04_h_dlg,hench_convict,BIOD_NOR_310BJACK
norcv_relationship_03_h_dlg,hench_convict,BIOD_NOR_310BJACK
norcv_relationship_02_h_dlg,hench_convict,BIOD_NOR_310BJACK
nortl_relationship_05_h_dlg,hench_tali,BIOD_NOR_320BTALI
nortl_relationship_04_h_dlg,hench_tali,BIOD_NOR_320BTALI
nortl_relationship_03_h_dlg,hench_tali,BIOD_NOR_320BTALI
norkg_relationship_01_h_dlg,hench_grunt,BIOD_NOR_330BGRUNT
norkg_relationship_03_h_dlg,hench_grunt,BIOD_NOR_330BGRUNT
norkg_relationship_02_h_dlg,hench_grunt,BIOD_NOR_330BGRUNT
norkg_loyalty_01_h_dlg,hench_grunt,BIOD_NOR_330AGRUNT
norkg_loyalty_02_h_dlg,hench_grunt,BIOD_NOR_330AGRUNT
norkg_relationship_00_h_dlg,hench_grunt,BIOD_NOR_330AGRUNT
nor_ai_tour_cargo_d_dlg,hench_ai_tour,BIOD_NOR_350HENCHMEN
nor_ai_tour_engine_a_dlg,hench_ai_tour,BIOD_NOR_350HENCHMEN
nor_engineers_a_dlg,nor_engineer_male,BIOD_NOR_350HENCHMEN
nor_engineers_a_dlg,nor_engineer_male,BIOD_NOR_350HENCHMEN
nor_engineers_d_dlg,nor_engineer_male,BIOD_NOR_350HENCHMEN
norcv_starter_h_dlg,hench_convict,BIOD_NOR_350HENCHMEN
norkg_starter_h_dlg,hench_ai,BIOD_NOR_350HENCHMEN
norkg_starter_h_dlg,hench_grunt,BIOD_NOR_350HENCHMEN
nortl_starter_h_dlg,hench_tali,BIOD_NOR_350HENCHMEN
norcr3_ai_level3_a_dlg,hench_ai,BIOD_NOR_CR3_300
norcr3_ai_level3_a_dlg,hench_ai,BIOD_NOR_CR3_300
norcr3_ensign_threesome_a_dlg,nor_ensign_threesome,BIOD_NOR_CR3_200
norcr3_ai_level2_a_dlg,hench_ai,BIOD_NOR_CR3_200
norcr3_crew_scout_a_dlg,cr3_crew_scout,BIOD_NOR_CR3_200
norcr3_ai_level2_a_dlg,poi_hench_ai,BIOD_NOR_CR3_200
norcr3_crew_scout_a_dlg,cr3_crew_scout_ragdoll,BIOD_NOR_CR3_200
norcr3_ai_engines_d_dlg,hench_ai,BIOD_NOR_CR3_300
norcr3_ai_core_d_dlg,hench_ai,BIOD_NOR_CR3_200
omggra_shotbygarrus_h_dlg,Not found,BIOD_OMGGRA_100LEADUP
omggra_merc_greeter_d_dlg,omggra_merc_greeter,BIOD_OMGGRA_101ENTRYGARAGE
omggra_merc_greeter_d_dlg,omggra_merc_greeter,BIOD_OMGGRA_101ENTRYGARAGE
omggra_edi_hint_a_dlg,EDI,BIOD_OMGGRA_102MAINSTREET1
omggra_mech_hacking_h_dlg,Not found,BIOD_OMGGRA_105MECHROOM
omggra_eclipse_boss_d_dlg,omggra_eclipse_boss,BIOD_OMGGRA_103SALARIANROOM
omggra_bluesuns_a_dlg,NPC_BAT_AssaultRifle_Noncombat,BIOD_OMGGRA_109BLUESUNSHALL
omggra_bloodpack_a_dlg,garms_vorcha_redshirt,BIOD_OMGGRA_106BLOODPACKROOM
omggra_bloodpack_boss_d_dlg,omggra_bloodpack_boss,BIOD_OMGGRA_106BLOODPACKROOM
omggra_barricade_03_d_dlg,NPC_Barricade_Freelancer_Leader,BIOD_OMGGRA_111MAINSTREET3
omggra_bluesuns_mechanic_d_dlg,omggra_bluesuns_sergeant,BIOD_OMGGRA_112HANGAR
omggra_bluesuns_boss_d_dlg,omggra_bluesuns_boss,BIOD_OMGGRA_110BLUESUNSROOM
omggra_bluesuns_boss_d_dlg,omggra_bluesuns_boss,BIOD_OMGGRA_110BLUESUNSROOM
omggra_bluesuns_captain_d_dlg,omggra_bluesuns_captain,BIOD_OMGGRA_110BLUESUNSROOM
omggra_garrus_intro_d_dlg,omggra_garrus_sniper,BIOD_OMGGRA_200ALAMO
omggra_2nd_intermission_d_dlg,omggra_garrus_sniper,BIOD_OMGGRA_200ALAMO
omggra_garrus_intro_d_dlg,omggra_garrus_sniper,BIOD_OMGGRA_200ALAMO
omggra_surrender_d_dlg,omggra_garrus_sniper,BIOD_OMGGRA_200ALAMO
omggra_second_boss_c_dlg,omggra_bloodpact_boss,BIOD_OMGGRA_202WAVE2BOSS
omggra_attack_c_dlg,NPC_Garrus_OverTheTopScene,BIOD_OMGGRA_410CDOVERTHETOP
omghub_arrival_ai_a_dlg,poi_edi,BIOD_OMGHUB
omggra_first_boss_c_dlg,omggra_eclipse_boss,BIOD_OMGGRA_430CDHEAVYMECH
omgpra_checkpoint_a_dlg,omgpra_turian_checkpoint,BIOD_OMGHUB_110PROFESSORACQ
omgpra_checkpoint_d_dlg,omgpra_turian_checkpoint,BIOD_OMGHUB_110PROFESSORACQ
omggra_garrus_finale_d_dlg,NPC_Garrus_Injured,BIOD_OMGGRA_203WAVE3
omghub_tp_miranda_a_dlg,hench_vixen,BIOD_OMGHUB_100DOCK
omghub_tp_tali_a_dlg,hench_tali,BIOD_OMGHUB_100DOCK
omghub_oracle_thugs_d_dlg,omghub_oracle_thug1,BIOD_OMGHUB_210DENENTRANCE
omghub_watchingthug_d_dlg,omghub_watchingthug,BIOD_OMGHUB_210DENENTRANCE
omghub_doorguy_a_dlg,omghub_doorguy,BIOD_OMGHUB_100DOCK
omghub_gra_driver_a_dlg,NPC_BAT_Driver,BIOD_OMGHUB_100DOCK
omghub_greeter_c_dlg,omghub_fargut,BIOD_OMGHUB_100DOCK
omghub_gavorn_d_dlg,omghub_gavorn,BIOD_OMGHUB_100DOCK
omghub_ish_d_dlg,omghub_ish,BIOD_OMGHUB_100DOCK
omghub_ish_a_dlg,omghub_ish,BIOD_OMGHUB_100DOCK
omghub_gra_guard_d_dlg,omghub_gra_guard,BIOD_OMGHUB_221GARRUSACQ
omghub_gra_guard_d_dlg,omghub_gra_guard,BIOD_OMGHUB_221GARRUSACQ
omghub_gra_recruiter_d_dlg,omghub_gra_recruiter,BIOD_OMGHUB_221GARRUSACQ
omghub_asari_ruler_d_dlg,omghub_asariruler,BIOD_OMGHUB_225ARIA
omghub_tp_zaeed_a_dlg,hench_veteran,BIOD_OMGHUB_220DENBAR
omghub_order_drinks_dlg,omghub_bartender_amb,BIOD_OMGHUB_220DENBAR
omghub_anto_a_dlg,omghub_anto,BIOD_OMGHUB_220DENBAR
omghub_anto_d_dlg,omghub_anto,BIOD_OMGHUB_220DENBAR
omghub_grizz_d_dlg,omghub_grizz,BIOD_OMGHUB_220DENBAR
omghub_grizz_a_dlg,omghub_grizz,BIOD_OMGHUB_220DENBAR
omghub_grizz_d_dlg,omghub_grizz,BIOD_OMGHUB_220DENBAR
omghub_cv_vt_ambient_h_dlg,hench_convict,BIOD_OMGHUB_240DENHALL
omghub_helenablake_d_dlg,omghub_helenablake,BIOD_OMGHUB_240DENHALL
omghub_tp_grunt_a_dlg,hench_grunt,BIOD_OMGHUB_230DENDANCE
omghub_tp_legion_a_dlg,hench_geth,BIOD_OMGHUB_230DENDANCE
omghub_stripper_d_dlg,omghub_entertainer,BIOD_OMGHUB_230DENDANCE
omghub_newbartender_d_dlg,omghub_newbartender,BIOD_OMGHUB_230DENDANCE
omghub_bar_crowdguy_dlg,omghub_bar_crowdguy,BIOD_OMGHUB_230DENDANCE
omghub_bartender_d_dlg,omghub_bartender,BIOD_OMGHUB_230DENDANCE
omghub_fist_a_dlg,omghub_fist,BIOD_OMGHUB_230DENDANCE
omghub_fist_d_dlg,omghub_fist,BIOD_OMGHUB_230DENDANCE
omghub_oracle_a_dlg,omghub_oracle,BIOD_OMGHUB_230DENDANCE
omghub_oracle_d_dlg,omghub_oracle,BIOD_OMGHUB_230DENDANCE
omghub_kenn_d_dlg,omghub_kenn,BIOD_OMGHUB_410KENN
omghub_tp_garrus_a_dlg,hench_garrus,BIOD_OMGHUB_400ALLEY
omghub_tp_jacob_a_dlg,hench_leading,BIOD_OMGHUB_400ALLEY
omghub_tp_kasumi_a_dlg,hench_thief,BIOD_OMGHUB_400ALLEY
omghub_tp_mordin_a_dlg,hench_professor,BIOD_OMGHUB_400ALLEY
omghub_shepard_sick_d_dlg,omghub_henner,BIOD_OMGHUB_400ALLEY
omghub_oracle_thugs_d_dlg,omghub_oracle_thug1,BIOD_OMGHUB_400ALLEY
omghub_shisk_d_dlg,omghub_shisk,BIOD_OMGHUB_400ALLEY
omghub_shisk_a_dlg,omghub_shisk,BIOD_OMGHUB_400ALLEY
omgmwl_victimmom_a_dlg,omgmwl_victimmom,BIOD_OMGHUB_460MWL_VICTIM
omgmwl_mw01_a_dlg,Not found,BIOD_OMGHUB_460MWL_VICTIM
omghub_tp_jack_a_dlg,hench_convict,BIOD_OMGHUB_450MARKET
omgmwl_victimmom_d_dlg,omgmwl_victimmom,BIOD_OMGHUB_460MWL_VICTIM
omghub_tp_samara_a_dlg,hench_mystic,BIOD_OMGHUB_450MARKET
omgmwl_mw01_d_dlg,hench_mystic,BIOD_OMGHUB_460MWL_VICTIM
omghub_tp_thane_a_dlg,hench_assassin,BIOD_OMGHUB_450MARKET
omgmwl_diary_c_dlg,omgmwl_victim,BIOD_OMGHUB_460MWL_VICTIM
omgmwl_apartment_clue_d_dlg,poi_hiddenNote,BIOD_OMGHUB_460MWL_VICTIM
omghub_harrot_d_dlg,omghub_harrot,BIOD_OMGHUB_450MARKET
omghub_marsh_d_dlg,omghub_marsh,BIOD_OMGHUB_450MARKET
omgmwl_bouncer_d_dlg,omgmwl_bouncer,BIOD_OMGHUB_450MARKET
omghub_prophet_a_dlg,omghub_prophet,BIOD_OMGHUB_450MARKET
omghub_prophet_listen_a_dlg,omghub_prophet,BIOD_OMGHUB_450MARKET
omgpra_zoneguards_a_dlg,MIN_TurianGuard_AssaultRifle,BIOD_OMGPRA_101QUARANTINE
omgpra_zoneguards_d_dlg,MIN_TurianGuard_AssaultRifle,BIOD_OMGPRA_101QUARANTINE
omgpra_bantertrigger01_a_dlg,Not found,BIOD_OMGPRA_102SLUMS
omgpra_squadsick_h_dlg,Not found,BIOD_OMGPRA_102SLUMS
omgpra_batarian_log_a_dlg,PlacU_BatarianLogs,BIOD_OMGPRA_102SLUMS
omgpra_batarian_refugees_d_dlg,NPC_BatarianSurvivor1,BIOD_OMGPRA_102SLUMS
omgmwl_pill_bottle_a_dlg,hench_vampire,BIOD_OMGHUB_500DENVIP
omgmwl_sword_a_dlg,hench_vampire,BIOD_OMGHUB_500DENVIP
omgmwl_sculpture_a_dlg,hench_vampire,BIOD_OMGHUB_500DENVIP
omgmwl_chess_set_a_dlg,hench_vampire,BIOD_OMGHUB_500DENVIP
omgmwl_door_a_dlg,hench_vampire,BIOD_OMGHUB_500DENVIP
omgmwl_gangsters_a_dlg,omgmwl_gangster,BIOD_OMGHUB_500DENVIP
omgmwl_punch_a_dlg,omgmwl_punch,BIOD_OMGHUB_500DENVIP
omgmwl_samara_cine_c_dlg,hench_mystic,BIOD_OMGHUB_500DENVIP
omgmwl_mwl_done_return_d_dlg,Not found,BIOD_OMGHUB_500DENVIP
omgmwl_daughter03_d_dlg,hench_vampire,BIOD_OMGHUB_500DENVIP
omgmwl_buy_drinks_d_dlg,omgmwl_bar_tender,BIOD_OMGHUB_500DENVIP
omgmwl_asari_dance_c_dlg,omgmwl_asari_dance,BIOD_OMGHUB_500DENVIP
omgmwl_gangsters_d_dlg,omgmwl_gangster,BIOD_OMGHUB_500DENVIP
omgmwl_krogan_insult_c_dlg,omgmwl_krogan_insult,BIOD_OMGHUB_500DENVIP
omgmwl_loiterer_d_dlg,omgmwl_loiter,BIOD_OMGHUB_500DENVIP
omgmwl_message_deliver_d_dlg,omgmwl_message_jerk,BIOD_OMGHUB_500DENVIP
omgmwl_message_get_d_dlg,omgmwl_message_giver,BIOD_OMGHUB_500DENVIP
omgmwl_punch_d_dlg,omgmwl_punch,BIOD_OMGHUB_500DENVIP
omgmwl_fail_c_dlg,hench_vampire,BIOD_OMGHUB_500DENVIP
omgmwl_daughter01_d_dlg,hench_vampire,BIOD_OMGHUB_500DENVIP
omgmwl_backroom_c_dlg,omgmwl_no_vo,BIOD_OMGHUB_500DENVIP
omgmwl_puzzle_win_c_dlg,hench_vampire,BIOD_OMGHUB_500DENVIP
omgmwl_tell_mw_failed_d_dlg,hench_mystic,BIOD_OMGHUB_500DENVIP
omgmwl_puzzle_fail_c_dlg,hench_mystic,BIOD_OMGHUB_500DENVIP
omgmwl_mw02_d_dlg,hench_mystic,BIOD_OMGHUB_500DENVIP
omgpra_gang_log_a_dlg,PlacU_TurianLogs,BIOD_OMGPRA_103APARTMENT1
omgpra_body1_t_dlg,Not found,BIOD_OMGPRA_103APARTMENT1
omgpra_human_refugee2_a_dlg,omgpra_refugee2,BIOD_OMGPRA_103APARTMENT4
omgpra_human_refugees_d_dlg,omgpra_refugee1,BIOD_OMGPRA_103APARTMENT4
omgpra_human_refugees_d_dlg,omgpra_refugee1,BIOD_OMGPRA_103APARTMENT4
omgpra_human_looters_d_dlg,omgpra_looter1,BIOD_OMGPRA_103APARTMENT5
omgpra_human_looters_d_dlg,omgpra_looter1,BIOD_OMGPRA_103APARTMENT5
omgpra_guard1_a_dlg,NPC_ClinicGuard,BIOD_OMGPRA_200
omgpra_turian_ambush_a_dlg,ELT_BAT_AssaultRifle,BIOD_OMGPRA_103BLUESUNS
omgpra_merc_battle_a_dlg,Not found,BIOD_OMGPRA_104STREET
omgpra_merc_battle_a_dlg,Not found,BIOD_OMGPRA_104STREET
omgpra_assistant_d_dlg,omgpra_assistant,BIOD_OMGPRA_202APARTMENT1
omgpra_batarian_merc_d_dlg,Combat_BatarianCitizen3,BIOD_OMGPRA_202APARTMENT1
omgpra_turian_patient_a_dlg,Not found,BIOD_OMGPRA_201CLINIC
omgpra_batarian_refugees_d_dlg,NPC_BatarianSurvivor1,BIOD_OMGPRA_201CLINIC
omgpra_guard2_a_dlg,Not found,BIOD_OMGPRA_201CLINIC
omgpra_volunteer1_a_dlg,omgpra_volunteer1,BIOD_OMGPRA_201CLINIC
omgpra_volunteer2_a_dlg,omgpra_volunteer2,BIOD_OMGPRA_201CLINIC
omgpra_batarian_patient_a_dlg,Not found,BIOD_OMGPRA_201CLINIC
omgpra_human_refugee2_a_dlg,omgpra_refugee1,BIOD_OMGPRA_201CLINIC
omgpra_human_refugees_d_dlg,omgpra_refugee1,BIOD_OMGPRA_201CLINIC
omgpra_human_refugee1_a_dlg,omgpra_refugee2,BIOD_OMGPRA_201CLINIC
omgpra_mordin_intro_a_dlg,hench_professor,BIOD_OMGPRA_201CLINIC
omgpra_assistant_d_dlg,NPC_MordinsAssisstant,BIOD_OMGPRA_201CLINIC
omgpra_mordin_d_dlg,hench_professor,BIOD_OMGPRA_201CLINIC
omgpra_mordin_d_dlg,hench_professor,BIOD_OMGPRA_201CLINIC
omgpra_plant_shutdown_a_dlg,Not found,BIOD_OMGPRA_301OFFICES
omgpra_vorcha_boss_d_dlg,MIN_VOR_RocketLauncher,BIOD_OMGPRA_302CONTROLCENTER
omgpra_vorcha_boss_d_dlg,MIN_VOR_RocketLauncher,BIOD_OMGPRA_302CONTROLCENTER
omgpra_edi_hint_a_dlg,EDI,BIOD_OMGPRA_302CONTROLCENTER
omgpra_end_puzzle_a_dlg,plac_systemIntake,BIOD_OMGPRA_302CONTROLCENTER
omgpra_end_puzzle_a_dlg,plac_systemIntake,BIOD_OMGPRA_302CONTROLCENTER
omgpra_end_puzzle_a_dlg,CenterPowerConsole,BIOD_OMGPRA_302CONTROLCENTER
omgpra_end_puzzle_a_dlg,plac_filtrationSystem,BIOD_OMGPRA_302CONTROLCENTER
omgpra_end_puzzle_a_dlg,plac_filtrationSystem,BIOD_OMGPRA_302CONTROLCENTER
procer_cover_tutorial_a_dlg,procer_miranda,BIOD_PROCER_100REZROOM
procer_miranda_cutoff_a_dlg,procer_miranda_server,BIOD_PROCER_150SERVERROOM
procer_scientist_logs_a_dlg,procer_wilson_catwalk,BIOD_PROCER_200CATWALK
procer_scientist_logs_a_dlg,procer_wilson,BIOD_PROCER_200CATWALK
procer_post_jacob_a_dlg,hench_leading,BIOD_PROCER_220CTRLTRANS
procer_leading_intro_d_dlg,hench_leading,BIOD_PROCER_200CATWALK
procer_post_jacob_a_dlg,hench_leading,BIOD_PROCER_220CTRLTRANS
procer_leading_intro_d_dlg,hench_leading,BIOD_PROCER_200CATWALK
procer_wilson_intro_d_dlg,procer_wilson,BIOD_PROCER_220CTRLTRANS
procer_vixen_logs_a_dlg,hench_vixen,BIOD_PROCER_170LOGTRANS
procer_scientist_logs_a_dlg,console_wilson,BIOD_PROCER_170LOGTRANS
procer_vixen_logs_a_dlg,hench_vixen,BIOD_PROCER_250CONTROLROOM
procer_wilson_intro_d_dlg,procer_wilson,BIOD_PROCER_250CONTROLROOM
procer_wilson_intro_d_dlg,procer_wilson,BIOD_PROCER_250CONTROLROOM
procer_techpwrs_tutor_a_dlg,hench_wilson,BIOD_PROCER_250CONTROLROOM
procer_vixen_logs_a_dlg,hench_vixen,BIOD_PROCER_300SHUTTLEBAY
procer_vixen_intro_d_dlg,procer_vixen,BIOD_PROCER_300SHUTTLEBAY
procer_vixen_shuttle_d_dlg,procer_vixen,BIOD_PROCER_300SHUTTLEBAY
profre_shuttle_d_dlg,hench_vixen,BIOD_PROFRE_050SHUTTLE
procer_leading_briefing_d_dlg,hench_leading,BIOD_PROCER_350BRIEFROOM
procer_vixen_briefing_d_dlg,hench_vixen,BIOD_PROCER_350BRIEFROOM
procer_vixen_briefing_d_dlg,hench_vixen,BIOD_PROCER_350BRIEFROOM
procer_vixen_briefing_d_dlg,hench_vixen,BIOD_PROCER_350BRIEFROOM
procer_leading_briefing_d_dlg,hench_leading,BIOD_PROCER_350BRIEFROOM
procer_vixen_briefing_d_dlg,hench_vixen,BIOD_PROCER_350BRIEFROOM
procer_illusive_intro_d_dlg,npc_illusive_man,BIOD_PROCER_350BRIEFROOM
profre_mechdog_d_dlg,hench_leading,BIOD_PROFRE_200VORCHA
profre_mechdog_a_dlg,hench_vixen,BIOD_PROFRE_200VORCHA
profre_tali_intro_d_dlg,hench_tali,BIOD_PROFRE_201TALI
profre_mech_battle_a_dlg,radio_hench_tali,BIOD_PROFRE_400TURRETS
profre_betrayal_a_dlg,radio_tali_drones,BIOD_PROFRE_300DRONES
profre_drones_a_dlg,radio_tali_drones,BIOD_PROFRE_300DRONES
profre_illusive_d_dlg,npc_illusive_man,BIOD_PROFRE_501VEETOR
profre_veetor_door_d_dlg,profre_veetor,BIOD_PROFRE_501VEETOR
profre_tali_mech_a_dlg,profre_tali,BIOD_PROFRE_500WARHOUSE
prscva_greeters_d_dlg,prscva_docking_guard  ,BIOD_PRSCVA_101DOCKINGBAY
prscva_walkntalk_d_dlg,prscva_warden_wnt,BIOD_PRSCVA_102WALKANDTALK
prscva_directions_a_dlg,prscva_supermax_guard,BIOD_PRSCVA_104ACHECKPOINT
prscva_interrogation_d_dlg,prscva_interrogation,BIOD_PRSCVA_103CELLBLOCK03
prscva_double_cross_d_dlg,PA_warden_kuril,BIOD_PRSCVA_104BLASTCHECKIN
prscva_interrogation_d_dlg,prscva_interrogation,BIOD_PRSCVA_103CELLBLOCK03
prscva_stage1_amb_h_dlg,Not found,BIOD_PRSCVA_103CELLBLOCK03
prscva_betrayer_tech_a_dlg,prscva_double_cross,BIOD_PRSCVA_104BLASTCHECKIN
prscva_prisoner_a_dlg,prscva_prisoner,BIOD_PRSCVA_103CELLBLOCK03
prscva_prison_infogiver_d_dlg,prscva_prison_infogiver,BIOD_PRSCVA_103CELLBLOCK03
prscva_prison_infogiver_a_dlg,prscva_prison_infogiver,BIOD_PRSCVA_103CELLBLOCK03
prscva_go_controlroom_h_dlg,Not found,BIOD_PRSCVA_201DOUBLECROSSED
prscva_stage2_amb_h_dlg,Not found,BIOD_PRSCVA_202JACKSCELL
prscva_cv_awake_c_dlg,Not found,BIOD_PRSCVA_202JACKSCELL
prscva_stage3_amb_h_dlg,Not found,BIOD_PRSCVA_301BLOCK03
prscva_tp_dead_guard_a_dlg,Not found,BIOD_PRSCVA_301BLOCK03
pronor_evacuate_d_dlg,Not found,BIOD_PRONOR
pronor_evacuate_d_dlg,Not found,BIOD_PRONOR
pronor_joker_escape_c_dlg,pronor_joker,BIOD_PRONOR
prscva_cv_join_d_dlg,hench_convict,BIOD_PRSCVA_401CONFRONTATION
quatll_mutter_f_a_dlg,quatll_mutter_f,BIOD_QUATLL_202DOCKINGAREAII
quatll_mutter_m_a_dlg,quatll_mutter_m,BIOD_QUATLL_202DOCKINGAREAII
quatll_trial_postlab_a_dlg,quatll_raanshala,BIOD_QUATLL_202DOCKINGAREAII
quatll_shuttle_guard_d_dlg,quatll_shuttle_guard,BIOD_QUATLL_202DOCKINGAREAII
quatll_mutter_f_a_dlg,quatll_mutter_f,BIOD_QUATLL_201DOCKINGAREAI
quatll_mutter_m_a_dlg,quatll_mutter_m,BIOD_QUATLL_201DOCKINGAREAI
quatll_boarding_geth_d_dlg,quatll_captain,BIOD_QUATLL_201DOCKINGAREAI
quatll_boarding_d_dlg,quatll_captain,BIOD_QUATLL_201DOCKINGAREAI
quatll_captain_d_dlg,quatll_captain,BIOD_QUATLL_201DOCKINGAREAI
quatll_captain_d_dlg,quatll_captain,BIOD_QUATLL_201DOCKINGAREAI
quatll_mutter_f_a_dlg,quatll_mutter_f,BIOD_QUATLL_310AGRIDOMEEXP
quatll_mutter_m_a_dlg,quatll_mutter_m,BIOD_QUATLL_310AGRIDOMEEXP
quatll_edi_hint_a_dlg,hench_ai,BIOD_QUATLL_310AGRIDOMEEXP
quatll_admiralhawk1_d_dlg,quatll_neema,BIOD_QUATLL_310AGRIDOMEEXP
quatll_admiralhawk1_d_dlg,quatll_neema,BIOD_QUATLL_310AGRIDOMEEXP
quatll_admiraldove2_d_dlg,quatll_qwibqwib,BIOD_QUATLL_310AGRIDOMEEXP
quatll_admiraldove2_d_dlg,quatll_qwibqwib,BIOD_QUATLL_310AGRIDOMEEXP
quatll_admiralhawk2_d_dlg,quatll_moya,BIOD_QUATLL_310AGRIDOMEEXP
quatll_admiralhawk2_d_dlg,quatll_moya,BIOD_QUATLL_310AGRIDOMEEXP
quatll_commando_d_dlg,quatll_haestrom,BIOD_QUATLL_310AGRIDOMEEXP
quatll_commando_d_dlg,quatll_haestrom,BIOD_QUATLL_310AGRIDOMEEXP
quatll_prologuesane_d_dlg,quatll_prologuequarian,BIOD_QUATLL_310AGRIDOMEEXP
quatll_prologuesane_d_dlg,quatll_prologuequarian,BIOD_QUATLL_310AGRIDOMEEXP
quatll_trial_trigger_d_dlg,quatll_raanshala,BIOD_QUATLL_311SHALARAAN
quatll_admiraldove1_d_dlg,quatll_raanshala,BIOD_QUATLL_311SHALARAAN
quatll_admiraldove1_d_dlg,quatll_raanshala,BIOD_QUATLL_311SHALARAAN
quatll_post_opening_h_dlg,Not found,BIOD_QUATLL_312POSTTRIAL1
quatll_tali_post_h_dlg,Not found,BIOD_QUATLL_313POSTTRIAL2
quatll_trial_closing_d_dlg,quatll_raanshala,BIOD_QUATLL_322AGRIDOMETRIAL2
quatll_trial_opening_d_dlg,quatll_raanshala,BIOD_QUATLL_321AGRIDOMETRIAL1
quatll_lab_amb4_a_dlg,quatll_log,BIOD_QUATLL_502MAINLAB
quatll_lab_rael_h_dlg,hench_tali,BIOD_QUATLL_502MAINLAB
quatll_lab_evidence_h_dlg,Hench_tali,BIOD_QUATLL_501SHIPBOW
quatll_lab_amb1_a_dlg,quatll_log,BIOD_QUATLL_503CARGOBAY
quatll_lab_console_h_dlg,Not found,BIOD_QUATLL_504FLASHBACKLAB
quatll_lab_amb2_a_dlg,quatll_log,BIOD_QUATLL_505LIFEBOAT
quatll_lab_equip_h_dlg,Not found,BIOD_QUATLL_505LIFEBOAT
quatll_lab_amb3_a_dlg,quatll_log,BIOD_QUATLL_506ENGINEERING
rprgta_reaper_react1_h_dlg,Not found,BIOD_RPRGTA_210BASECAMP
rprgta_reaper_log1_a_dlg,rprgta_scientist1,BIOD_RPRGTA_210BASECAMP
rprgta_reaper_log4_a_dlg,rprgta_scion,BIOD_RPRGTA_210BASECAMP
rprgta_joker1_d_dlg,hench_pilot,BIOD_RPRGTA_210BASECAMP
rprgta_reaper_log5_a_dlg,rprgta_scientist2,BIOD_RPRGTA_230CHRYSALIS
rprgta_airlockin_a_dlg,cerberus_airlock,BIOD_RPRGTA_310ENTRYAIRLOCK
rprgta_sniperreact1_h_dlg,Not found,BIOD_RPRGTA_220WORKSITE
rprgta_reaper_sniper1_a_dlg,Not found,BIOD_RPRGTA_220WORKSITE
rprgta_reaper_log2_a_dlg,rprgta_scientist1,BIOD_RPRGTA_220WORKSITE
rprgta_reaper_log3_a_dlg,rprgta_scientist1,BIOD_RPRGTA_220WORKSITE
rprgta_huskcomment_h_dlg,Not found,BIOD_RPRGTA_220WORKSITE
rprgta_tankreact_h_dlg,Not found,BIOD_RPRGTA_220WORKSITE
rprgta_reaper_react2_h_dlg,Not found,BIOD_RPRGTA_220WORKSITE
rprgta_altar_tgen_dlg,Not found,BIOD_RPRGTA_230CHRYSALIS
rprgta_recognition_h_dlg,hench_geth,BIOD_RPRGTA_320GETHENCOUNTER
rprgta_iff_h_dlg,Not found,BIOD_RPRGTA_340ATTHEAIRLOCK
rprgta_geth_c_dlg,hench_geth,BIOD_RPRGTA_340ATTHEAIRLOCK
rprgta_reminder_h_dlg,Not found,BIOD_RPRGTA_420COREBATTLE
rprgta_sniperreact2_h_dlg,Not found,BIOD_RPRGTA_330STEALWIND
rprgta_reminder_h_dlg,Not found,BIOD_RPRGTA_330STEALWIND
rprgta_takegeth_h_dlg,Not found,BIOD_RPRGTA_420COREBATTLE
cspcr2_bodies_a_dlg,hench_grunt,BIOD_SHPCR2_120HUBROOM1
cspcr2_coffin1_h_dlg,hench_vixen,BIOD_SHPCR2_120HUBROOM1
cspcr2_bodies_h_dlg,Not found,BIOD_SHPCR2_120HUBROOM1
cspcr2_docking_bay_h_dlg,hench_joker,BIOD_SHPCR2_110OPENING
cspcr2_ship_comments_h_dlg,hench_ai,BIOD_SHPCR2_110OPENING
cspcr2_tubeapproach_h_dlg,hench_vixen,BIOD_SHPCR2_135TUBESTART
cspcr2_tubereveal_h_dlg,hench_vixen,BIOD_SHPCR2_135TUBESTART
cspcr2_edi_door1_a_dlg,hench_ai,BIOD_SHPCR2_150ESCAPEROOM
cspcr2_coffin2_h_dlg,hench_vixen,BIOD_SHPCR2_130TURNINTOHUSK
cspcr2_escape_h_dlg,hench_vixen,BIOD_SHPCR2_165ESCAPEHALL3
cspcr2_bridge_h_dlg,hench_vixen,BIOD_SHPCR2_140COMMANDDECK
cspcr2_edi_door2_a_dlg,hench_ai,BIOD_SHPCR2_160ESCAPELEVEL2
cspcr2_edi_door2_a_dlg,hench_ai,BIOD_SHPCR2_160ESCAPELEVEL2
cspcr2_platforms_done_a_dlg,hench_ai_fail,BIOD_SHPCR2_200NORMANDY
cspcr2_bridge_trap_d_dlg,hench_ai_cockpit,BIOD_SHPCR2_200NORMANDY
cspcr2_bridge_console_d_dlg,hench_ai_cockpit,BIOD_SHPCR2_200NORMANDY
cspcr2_processing1_tgen_dlg,hench_ai,BIOD_SHPCR2_200NORMANDY
cspcr2_platform_approach_h_dlg,hench_ai,BIOD_SHPCR2_220AMBIENTS
cspcr2_platform_approach_h_dlg,hench_ai,BIOD_SHPCR2_220AMBIENTS
cspcr2_platform_approach_h_dlg,hench_ai,BIOD_SHPCR2_220AMBIENTS
suntla_sunwarn_h_dlg,Not found,BIOD_SUNTLA_101DROPSITE
cspcr2_joker_docking_bay_h_dlg,hench_joker,BIOD_SHPCR2_170HUBROOM2
suntla_shipwarn01_h_dlg,Not found,BIOD_SUNTLA_102GATEHOUSE
suntla_sunwarn2_h_dlg,Not found,BIOD_SUNTLA_102GATEHOUSE
suntla_fallenpatrol_a_dlg,Plac_Invis_DeadQuarianRadio,BIOD_SUNTLA_102GATEHOUSE
suntla_fallenpatrol_d_dlg,Plac_Invis_DeadQuarianRadio,BIOD_SUNTLA_102GATEHOUSE
suntla_shedradio_a_dlg,Quarian Log (Haestrom),BIOD_SUNTLA_102GATEHOUSE
suntla_securitystation_d_dlg,hench_tali,BIOD_SUNTLA_202BASECAMP
suntla_quarian_buildings_h_dlg,Not found,BIOD_SUNTLA_202BASECAMP
suntla_log1_a_dlg,POI_OfficeLogs,BIOD_SUNTLA_202BASECAMP
suntla_collapsedcolumn_h_dlg,Not found,BIOD_SUNTLA_103DEMOLITIONS
suntla_letsflank_h_dlg,Not found,BIOD_SUNTLA_103DEMOLITIONS
suntla_log2_a_dlg,POI_ObservatoryLogs,BIOD_SUNTLA_103DEMOLITIONS
suntla_log3_a_dlg,POI_ObservatoryLogs,BIOD_SUNTLA_103DEMOLITIONS
suntla_edi_hint_a_dlg,poi_edi,BIOD_SUNTLA_103DEMOLITIONS
suntla_dronecloak_h_dlg,Not found,BIOD_SUNTLA_203HOPPERCANYON
suntla_landing_h_dlg,poi_edi,BIOD_SUNTLA_401CDARRIVAL
suntla_talidoor_a_dlg,hench_tali,BIOD_SUNTLA_301OBSERVATORY
suntla_taliobserv_a_dlg,hench_tali,BIOD_SUNTLA_301OBSERVATORY
suntla_taliobserv_d_dlg,hench_tali,BIOD_SUNTLA_301OBSERVATORY
suntla_colossusretwarn_h_dlg,Not found,BIOD_SUNTLA_205COLOSSUS
suntla_quarianleader_d_dlg,suntla_quarianleader,BIOD_SUNTLA_205COLOSSUS
suntla_turret_a_dlg,Not found,BIOD_SUNTLA_205COLOSSUS
twrasa_firstworker_d_dlg,twrasa_firstworker,BIOD_TWRASA_102ENTRANCE
twrasa_shuttle_ride_d_dlg,twrasa_questgiver,BIOD_TWRASA_050SHUTTLERIDE
twrasa_shuttle_ride_d_dlg,twrasa_questgiver,BIOD_TWRASA_050SHUTTLERIDE
twrasa_vent_conversation_a_dlg,twrasa_vent_merc1,BIOD_TWRASA_104UPPERMEZ
twrasa_secondworker_d_dlg,twrasa_cautious_worker,BIOD_TWRASA_104UPPERMEZ
twrasa_elevator_a_dlg,plc_ConversationOwner,BIOD_TWRASA_105ELEVATORFIGHT
twrasa_thelaststop_a_dlg,twrasa_merc_radio,BIOD_TWRASA_201LOWEROFFICES
twrasa_thelaststop_a_dlg,twrasa_merc_radio,BIOD_TWRASA_201LOWEROFFICES
twrasa_officeslowlevel_d_dlg,twrasa_nassana,BIOD_TWRASA_201LOWEROFFICES
twrasa_surprisedguard_d_dlg,twrasa_merc_plummets,BIOD_TWRASA_201LOWEROFFICES
twrasa_thirdworker_d_dlg,twrasa_brother_worker,BIOD_TWRASA_201LOWEROFFICES
nor_globalnews_a_dlg,Galactic News,BIOD_TWRHUB
nor_globalnews_a_dlg,Galactic News,BIOD_TWRHUB
nor_globalnews_a_dlg,Galactic News,BIOD_TWRHUB
nor_globalnews_a_dlg,Galactic News,BIOD_TWRHUB
twrhub_systemhack_last_a_dlg,plac_Liara,BIOD_TWRHUB
twrhub_tp_zaeed_a_dlg,hench_veteran,BIOD_TWRHUB
twrhub_tp_samara_a_dlg,hench_mystic,BIOD_TWRHUB
twrhub_tp_miranda_a_dlg,hench_vixen,BIOD_TWRHUB
twrhub_tp_mordin_a_dlg,hench_professor,BIOD_TWRHUB
twrhub_tp_tali_a_dlg,hench_tali,BIOD_TWRHUB
twrhub_tp_thane_a_dlg,hench_assassin,BIOD_TWRHUB
twrhub_tp_garrus_a_dlg,hench_garrus,BIOD_TWRHUB
twrhub_tp_grunt_a_dlg,hench_grunt,BIOD_TWRHUB
twrhub_tp_jack_a_dlg,hench_convict,BIOD_TWRHUB
twrhub_tp_jacob_a_dlg,hench_leading,BIOD_TWRHUB
twrhub_tp_kasumi_a_dlg,hench_thief,BIOD_TWRHUB
twrhub_tp_legion_a_dlg,hench_geth,BIOD_TWRHUB
twrhub_observer_d_dlg,plac_Liara,BIOD_TWRHUB
twrhub_arrival_ai_a_dlg,plac_EDI,BIOD_TWRHUB_101LANDINGBAYHALL
twrhub_concierge_main_d_dlg,NPC_Concierge,BIOD_TWRHUB_101LANDINGBAYHALL
twrasa_pinnacle_d_dlg,twrasa_nassana,BIOD_TWRASA_302PINNACLE
twrhub_side_samara_thx_d_dlg,twrhub_politekrogan,BIOD_TWRHUB_101_2POLITEKROGAN
twrasa_pinnacle_assassin_d_dlg,hench_assassin,BIOD_TWRASA_302PINNACLE
twrasa_pinnacle_assassin_d_dlg,hench_assassin,BIOD_TWRASA_302PINNACLE
twrhub_serrice_amb_a_dlg,twrhub_serrice_volus,BIOD_TWRHUB_102TRADEFLOOR
twrhub_side_miranda_d_dlg,twrhub_side_sad_asari,BIOD_TWRHUB_102TRADEFLOOR
twrhub_side_miranda_a_dlg,twrhub_side_sad_asari,BIOD_TWRHUB_102TRADEFLOOR
twrhub_nyxeris_d_dlg,twrhub_nyxeris,BIOD_TWRHUB_102TRADEFLOOR
twrhub_liara_dlc_lead_in_d_dlg,twrhub_liara,BIOD_TWRHUB_102TRADEFLOOR
twrhub_main_contact_d_dlg,twrhub_liara,BIOD_TWRHUB_102TRADEFLOOR
twrhub_liara_norm_intro_d_dlg,twrhub_liara,BIOD_TWRHUB_102TRADEFLOOR
twrhub_liara_first_intro_d_dlg,twrhub_liara,BIOD_TWRHUB_102TRADEFLOOR
twrhub_sal_bach_a_dlg,TwrHub_sal_bach_sal,BIOD_TWRHUB_202LOUNGE
twrhub_bartender_d_dlg,twrhub_bartender,BIOD_TWRHUB_202LOUNGE
twrhub_quaturtalk_a_dlg,TwrHub_quaturtalk_quar,BIOD_TWRHUB_202LOUNGE
twrvxl_main_contact_h_dlg,Not found,BIOD_TWRHUB_202LOUNGE
twrvxl_main_contact_d_dlg,NPC_TwrVxL_Questgiver,BIOD_TWRHUB_202LOUNGE
twrhub_side_thane_a_dlg,twrhub_worried_salarian,BIOD_TWRHUB_301CARPORTHALL
twrhub_side_thane_d_dlg,twrhub_worried_salarian,BIOD_TWRHUB_301CARPORTHALL
twrhub_side_thane_d_dlg,twrhub_worried_salarian,BIOD_TWRHUB_301CARPORTHALL
twrasa_contact_associate_d_dlg,twrhub_tana,BIOD_TWRHUB_301CARPORTHALL
twrasa_asariworldhub_d_dlg,twrasa_quest_giver,BIOD_TWRHUB_301CARPORTHALL
twrasa_contact_associate_d_dlg,twrhub_tana,BIOD_TWRHUB_301CARPORTHALL
twrhub_asariargue_a_dlg,twrhub_asarifriend,BIOD_TWRHUB_302CARPORT
twrhub_bluerose_krog_a_dlg,twrhub_bluerose_krogan,BIOD_TWRHUB_302CARPORT
twrhub_bluerose_asari_d_dlg,twrhub_bluerose_asari,BIOD_TWRHUB_302CARPORT
twrhub_imposter_contact_d_dlg,twrhub_imposter_contact,BIOD_TWRHUB_302CARPORT
twrhub_tests_intro1_d_dlg,Not found,BIOD_TWRHUB_302CARPORT
twrhub_tests_intro2_d_dlg,Not found,BIOD_TWRHUB_302CARPORT
twrhub_tests_intro1_a_dlg,Not found,BIOD_TWRHUB_302CARPORT
twrhub_tests_intro2_a_dlg,Not found,BIOD_TWRHUB_302CARPORT
twrhub_tests_krog_d_dlg,Not found,BIOD_TWRHUB_302CARPORT
twrmwa_customs_officer_d_dlg,NPC_TwrMwA_Questgiver,BIOD_TWRHUB_302CARPORT
twrmwa_customs_officer_d_dlg,NPC_TwrMwA_Questgiver,BIOD_TWRHUB_302CARPORT
twrhub_side_samara_d_dlg,twrhub_smugglingasari,BIOD_TWRHUB_302CARPORT
twrhub_side_samara_a_dlg,twrhub_smugglingasari,BIOD_TWRHUB_302CARPORT
twrhub_memill_amb_a_dlg,twrhub_memill_sal,BIOD_TWRHUB_302CARPORT
twrhub_baria_amb_a_dlg,twrhub_baria_asari1,BIOD_TWRHUB_302CARPORT
twrhub_gateway_amb_a_dlg,twrhub_gateway_sal,BIOD_TWRHUB_302CARPORT
twrhub_imposter_contact_d_dlg,twrhub_imposter_contact,BIOD_TWRHUB_302CARPORT
twrhub_tests_intro1_d_dlg,Not found,BIOD_TWRHUB_302CARPORT
twrhub_tests_krog_d_dlg,Not found,BIOD_TWRHUB_302CARPORT
twrhub_tests_intro2_d_dlg,Not found,BIOD_TWRHUB_302CARPORT
twrhub_concierge_main_d_dlg,NPC_Concierge,BIOD_TWRHUB_601CONSCIERGE
twrhub_concierge_d_dlg,NPC_Concierge,BIOD_TWRHUB_601CONSCIERGE
twrhub_imposter_intro_d_dlg,twrhub_imposter_victim,BIOD_TWRHUB_604LOUNGESTAIR1
twrhub_imposter_intro_a_dlg,twrhub_imposter_victim,BIOD_TWRHUB_604LOUNGESTAIR1
twrhub_rachni_a_dlg,NPC_RachniAsari,BIOD_TWRHUB_602TRADE1
twrhub_stocks_a_dlg,TwrHub_stock_volus,BIOD_TWRHUB_602TRADE1
twrhub_gianna_d_dlg,Not found,BIOD_TWRHUB_602TRADE1
twrhub_gianna_merch_d_dlg,Not found,BIOD_TWRHUB_602TRADE1
twrhub_rachni_d_dlg,NPC_RachniAsari,BIOD_TWRHUB_602TRADE1
twrhub_imposter_conrad_a_dlg,Not found,BIOD_TWRHUB_605LOUNGE1
twrhub_imposter_conrad_d_dlg,Not found,BIOD_TWRHUB_605LOUNGE1
twrhub_imposter_arrest_a_dlg,twrhub_imposter_contact,BIOD_TWRHUB_605LOUNGE1
twrhub_imposter_concl_d_dlg,Not found,BIOD_TWRHUB_605LOUNGE1
twrhub_quaslave_d_dlg,twrhub_quaslave_batarian,BIOD_TWRHUB_606LOUNGE2
twrhub_quaslave_synthetic_d_dlg,twrhub_quaslave_synth,BIOD_TWRHUB_606LOUNGE2
twrmwa_mw02_d_dlg,twrmwa_mystic_warrior,BIOD_TWRMWA_101MW02_C
twrmwa_edi_hint_a_dlg,EDI,BIOD_TWRMWA
twrmwa_grounded_c_dlg,twrmwa_detective,BIOD_TWRMWA_101VOLUSGROUND_C
twrmwa_merchantyard_d_dlg,twrmwa_merchant,BIOD_TWRMWA_101VOLUSYARD_C
twrmwa_encounter01_a_dlg,twrmwa_asari_merc_01,BIOD_TWRMWA_102BACKALLEY
twrmwa_encounter01_a_dlg,twrmwa_asari_merc_01,BIOD_TWRMWA_102BACKALLEY
twrmwa_mw_d_dlg,twrmwa_mystic_warrior,BIOD_TWRMWA_103CRIMESCENE
twrmwa_biotics_suggest_h_dlg,Not found,BIOD_TWRMWA_104ELEVATOR
twrmwa_cop_guards_a_dlg,twrmwa_cop_guard,BIOD_TWRMWA_101SPACEPORT
twrmwa_addict_recoverd_a_dlg,twrmwa_addict,BIOD_TWRMWA_101SPACEPORT
twrmwa_merchant_end_d_dlg,twrmwa_merchant02,BIOD_TWRMWA_101SPACEPORT
twrmwa_civilian_4_a_dlg,twrmwa_civilian_temp,BIOD_TWRMWA_101SPACEPORT
twrmwa_turian_1_a_dlg,NPC_Turian01_Temp,BIOD_TWRMWA_101SPACEPORT
twrmwa_detective01_d_dlg,twrmwa_detective,BIOD_TWRMWA_101SPACEPORT
twrmwa_detective01_d_dlg,twrmwa_detective,BIOD_TWRMWA_101SPACEPORT
twrmwa_merchantalley_d_dlg,twrmwa_merchant01,BIOD_TWRMWA_101SPACEPORT
twrmwa_merchantalley_d_dlg,twrmwa_merchant01,BIOD_TWRMWA_101SPACEPORT
twrmwa_quitter_a_dlg,twrmwa_quitter,BIOD_TWRMWA_202HANGARALOAD1
twrmwa_quitter_d_dlg,twrmwa_quitter,BIOD_TWRMWA_202HANGARALOAD1
twrmwa_baytwoamb_h_dlg,Not found,BIOD_TWRMWA_208OFFICES
twrmwa_addict_d_dlg,twrmwa_addict,BIOD_TWRMWA_302HANGARBLOAD
twrmwa_door_hack_no_h_dlg,Not found,BIOD_TWRMWA_301HANGARBFIGHT
twrmwa_gun_ship_amb_h_dlg,Not found,BIOD_TWRMWA_301HANGARBFIGHT
twrmwa_redsand_tgen_dlg,Not found,BIOD_TWRMWA_301HANGARBFIGHT
not found,Not found,BIOD_TWRMWA_401BOSSFIGHT
twrmwa_boss_dead_amb_h_dlg,Not found,BIOD_TWRMWA_401BOSSFIGHT
twrmwa_boss_a_dlg,BOS_ASA_GangLeader,BIOD_TWRMWA_401BOSSFIGHT
twrmwa_boss_a_dlg,BOS_ASA_GangLeader,BIOD_TWRMWA_401BOSSFIGHT
twrvxl_negotiation_d_dlg,twrvxl_negotiation,BIOD_TWRVXL_201INITIALCOMBAT
twrvxl_uptospeed_h_dlg,hench_vixen,BIOD_TWRVXL_201INITIALCOMBAT
twrmwa_volusdie_c_dlg,NPC_StonedVolus,BIOD_TWRMWA_401BOSSFIGHT
twrmwa_hideout_returnobj_d_dlg,Not found,BIOD_TWRMWA_401BOSSFIGHT
twrmwa_baythreeamb_h_dlg,Wasea_Datapad,BIOD_TWRMWA_401BOSSFIGHT
twrvxl_edi_hint_a_dlg,plac_EDI,BIOD_TWRVXL_207MAZECOMBAT05
twrvxl_theswitch_h_dlg,hench_vixen,BIOD_TWRVXL_207MAZECOMBAT05
twrvxl_time_h_dlg,Not found,BIOD_TWRVXL_300PASSENGERLEVEL
twrvxl_aboutaboy_h_dlg,Hench_vixen,BIOD_TWRVXL_300PASSENGERLEVEL
twrvxl_oldfriend_d_dlg,npch_Niket,BIOD_TWRVXL_300PASSENGERLEVEL
twrvxl_meeting_h_dlg,hench_vixen,BIOD_TWRVXL_400TERMINAL
gthgtl_amb_hack_h_dlg,hench_geth,BIOP_BLBGTL
endgm3_epilogue_c_dlg,Illusive_man_,BIOP_ENDGM3
endgm3_epilogue_c_dlg,Illusive_man_,BIOP_ENDGM3
