Name,Gender,Skin Color,Hair Color,Race,Clan,Body Type,Height,Muscle Tone,Jaw,Eye Shape,Iris Size,Eye Color,Eyebrows,Nose,Mouth,Ear Shape,Ear Length,Bust Size,Lip Color,Lip Shade
Latgar,Male,#b39675,#4b361b,Hyur,Highlander,Adult,50%(~75.8 inches),50%,1,4,Small,,2,6,2,,,,,
Amelain,Male,#cca282,#515151,Elezen,Wildwood,Adult,50%(~79.5 inches),,1,1,Large,,1,1,4,1,50%,,,
Brass Blade,Male,#826e59,#333333,Roegadyn,Hellsguard,Adult,50%(~87.4 inches),50%,3,1,Small,,4,4,4,,,,,
Moenbryda,Female,#ffdfc4,#909bb0,Roegadyn,Sea Wolf,Adult,50%(~81.7 inches),50%,1,1,Large,,1,1,1,,,50%,,
Draggle-tailed Refugee,Male,#996f5b,#6e6037,Hyur,Midlander,Adult,25%(~67.5 inches),50%,3,2,Small,,3,4,4,,,,,
Hahasako,Male,#f0dbc1,#edd5a4,Lalafell,Dunesfolk,Adult,50%(~36.2 inches),,1,3,Small,,1,4,1,2,50%,,,
Boorish Banneret,Male,#ebc3ab,#582901,Elezen,Wildwood,Adult,50%(~79.5 inches),,2,5,Small,,1,2,1,1,50%,,,
Dewlala,Female,#e5d4b4,#944b0e,Lalafell,Plainsfolk,Adult,50%(~36.2 inches),,1,1,Large,,1,1,1,1,50%,50%,,
Gegeruju,Male,#c69a82,#727272,Lalafell,Dunesfolk,Adult,0%(~34.2 inches),,4,3,Large,,5,3,3,1,50%,,,Light
Serpent Herald,Male,#cca282,#515151,Elezen,Wildwood,Adult,25%(~78 inches),,1,5,Large,,2,4,1,1,50%,,,
Fearful Citizen,Male,#79604c,#442515,Hyur,Highlander,Adult,50%(~75.8 inches),50%,2,3,Large,,2,3,4,,,,,
Moren,Male,#ffd3bb,#5b6e5b,Hyur,Midlander,Adult,50%(~68.9 inches),50%,1,2,Large,,2,1,2,,,,,Light
Lamberteint,Male,#efc6ae,#845968,Elezen,Wildwood,Adult,50%(~79.5 inches),,3,1,Large,,1,4,1,1,50%,,,
Distraught Lady,Female,#a78664,#b06a30,Elezen,Wildwood,Adult,50%(~75.2 inches),,2,3,Large,,2,3,2,1,50%,50%,,Dark
Wood Wailer,Male,#c5a184,#333333,Hyur,Midlander,Adult,50%(~68.9 inches),50%,2,5,Large,,1,3,3,,,,,Dark
Almet,Female,#e8cab0,#720e06,Viera,Veena,Adult,100%(~75.3 inches),,2,3,Large,,3,5,3,,,100%,,Light
Mother Miounne,Female,#e1d1c1,#515151,Elezen,Duskwight,Adult,50%(~75.2 inches),,1,1,Large,,5,1,1,1,100%,50%,,Dark
Lyna,Female,#926955,#8c9ab4,Viera,Rava,Adult,50%(~72.9 inches),,1,1,Large,,1,5,3,,,100%,,Light
Asgeir,Male,,#582c34,Hrothgar,Helions,Adult,50%(~80.5 inches),,2,3,Large,,4,4,2,,,,,
Nathelain,Male,#eec6ac,#dedede,Elezen,Wildwood,Adult,50%(~79.5 inches),,1,4,Large,,3,5,4,1,50%,,,
Marcechamp,Male,#674430,#121212,Elezen,Wildwood,Adult,100%(~82.6 inches),,1,3,Large,,1,4,1,1,50%,,,Light
Willfort,Male,#b4a290,#3b2744,Roegadyn,Hellsguard,Adult,50%(~87.4 inches),50%,3,5,Large,,4,3,1,,,,,
Kikipu,Female,#f1cfb8,#c3a9d0,Lalafell,Dunesfolk,Adult,50%(~36.2 inches),,1,4,Large,,3,1,1,2,75%,50%,,Light
Todden,Male,#ccbbad,#ffedcd,Roegadyn,Hellsguard,Adult,100%(~90.7 inches),50%,3,3,Large,,3,3,3,,,,,
Alisaie,Female,#f9d7bf,#fefefe,Elezen,Wildwood,Child,Custom,,1,1,Large,,1,1,1,1,50%,50%,,
Gisilbehrt,Male,#5f4231,#333333,Hyur,Highlander,Adult,50%(~75.8 inches),50%,3,5,Large,,4,4,3,,,,,
Korille,Female,#a98165,#425170,Viera,Veena,Adult,100%(~75.3 inches),,2,4,Large,,5,4,3,,,50%,,Dark
Distressed Soldier,Male,#be9480,#2f3b59,Hyur,Highlander,Adult,50%(~75.8 inches),50%,4,3,Large,,4,3,3,,,,,
Stupefied Citizen,Male,#b79778,#592700,Hyur,Highlander,Adult,100%(~78.8 inches),50%,1,4,Large,,3,4,3,,,,,
Imperial Magitek Engineer,Male,#b7906d,#703c0f,Elezen,Wildwood,Adult,100%(~82.6 inches),,1,5,Large,,4,4,1,2,50%,,,Light
Bubukkuli,Male,#c69a82,#727272,Lalafell,Dunesfolk,Adult,50%(~36.2 inches),,1,2,Small,,1,2,2,1,25%,,,
Krile,Female,#f0dbc1,#6d5a36,Lalafell,Plainsfolk,Adult,0%(~34.2 inches),,2,2,Small,,2,2,2,1,50%,50%,,
Afumi,Female,#b59573,#515151,Hyur,Midlander,Adult,50%(~64.6 inches),50%,3,4,Large,,3,4,3,,,50%,,Dark
Zanthael,Male,#41453a,#222b26,Roegadyn,Sea Wolf,Adult,50%(~87.4 inches),50%,1,1,Small,,1,1,1,,,,,
Atharn,Male,#c5a184,#80704c,Hyur,Midlander,Adult,50%(~68.9 inches),50%,3,3,Small,,2,5,2,,,,,
Owen,Male,#dbb69d,#4c1915,Hyur,Midlander,Adult,0%(~66.1 inches),50%,2,1,Large,,1,3,3,,,,,
Blaisette,Female,#d39f84,#333333,Elezen,Wildwood,Adult,50%(~75.2 inches),,1,3,Large,,1,1,1,1,0%,0%,,
Spirited Stonecutter,Female,#d1b092,#5d436b,Hyur,Midlander,Adult,100%(~67.1 inches),50%,3,1,Large,,3,3,3,,,50%,,Dark
House Haillenarte Knight,Male,#af8a71,#bda876,Elezen,Wildwood,Adult,0%(~76.4 inches),,3,1,Large,,2,5,2,3,50%,,,
Ishgardian Priest,Male,#deb99d,#d1a15d,Elezen,Wildwood,Adult,100%(~82.6 inches),,4,3,Large,,2,6,4,1,50%,,,
Spectral Swordsman,Male,#cba689,#8b1b13,Hyur,Midlander,Adult,100%(~71.6 inches),50%,1,3,Large,,4,3,3,,,,,
Crystarium Sentry,Male,#816750,#727272,Hyur,Midlander,Adult,25%(~67.5 inches),75%,3,6,Small,,3,4,1,,,,,
Confused Conjurer,Male,#d19a81,#958d70,Elezen,Wildwood,Adult,50%(~79.5 inches),,1,1,Large,,1,1,1,1,0%,,,
Glaumunt,Male,#7f6755,#4b361b,Hyur,Highlander,Adult,50%(~75.8 inches),50%,3,3,Large,,1,5,1,,,,,
Roger,Male,#7c624a,#2f3b59,Hyur,Midlander,Adult,25%(~67.5 inches),75%,3,6,Small,,2,2,4,,,,,
House Fortemps Guard,Male,#ebc3ab,#9c9c9c,Elezen,Wildwood,Adult,50%(~79.5 inches),,4,6,Large,,1,6,2,1,50%,,,
Beggarly Fellow,Male,#c39b77,#564f40,Elezen,Wildwood,Adult,100%(~82.6 inches),,2,3,Small,,3,6,1,1,50%,,,
Distressed Ancient One,Male,#f6d0bb,#fefefe,Elezen,Wildwood,Adult,Custom,,1,1,Large,,1,1,1,0,50%,,,
Gallant Guardsman,Male,#d0d4cd,#8f4b15,Roegadyn,Sea Wolf,Adult,50%(~87.4 inches),50%,2,4,Small,,3,5,3,,,,,
Furious Man,Male,#ebc4b0,#944b0e,Hyur,Midlander,Adult,25%(~67.5 inches),50%,4,2,Large,,2,3,4,,,,,
Artoirel,Male,#f6d0bb,#162138,Elezen,Wildwood,Adult,75%(~81.1 inches),,3,3,Large,,1,4,1,3,50%,,,
Rammbroes,Male,#443232,#bfbfbf,Roegadyn,Hellsguard,Adult,50%(~87.4 inches),50%,1,1,Large,,1,1,1,,,,,
Yesui,Female,#3e404c,#cfb580,Au Ra,Xaela,Adult,50%(~60 inches),,3,1,Large,,1,5,3,,,50%,,Light
Wauter,Male,#ebc7af,#e19e44,Hyur,Midlander,Adult,50%(~68.9 inches),50%,3,6,Small,,1,6,4,,,,,
Guthjon,Male,,#aa9a88,Hrothgar,Helions,Adult,50%(~80.5 inches),,2,3,Large,,4,4,2,,,,,
Chigusa,Female,#dabc9b,#443b2e,Hyur,Midlander,Adult,50%(~64.6 inches),25%,3,5,Large,,4,4,2,,,75%,,
Emmanellain,Male,#f6d0bb,#302237,Elezen,Wildwood,Adult,0%(~76.4 inches),,4,3,Large,,3,6,1,2,50%,,,
Koko,Male,#564439,#c4a363,Au Ra,Xaela,Adult,0%(~79.9 inches),100%,2,2,Large,,4,3,1,,,,,Light
Panicked Son,Male,#b39272,#773807,Hyur,Midlander,Adult,50%(~68.9 inches),25%,2,1,Large,,4,3,4,,,,,
Azami,Female,#e0bfa3,#4b361b,Hyur,Midlander,Child,50%(~46 inches),50%,2,2,Small,,2,1,1,,,50%,,Light
Lionnellais,Male,#b6b0a7,#4e4b3b,Elezen,Duskwight,Adult,50%(~79.5 inches),,1,1,Large,,1,1,1,1,0%,,,
Haldrath,Male,#eec6ac,#977d58,Elezen,Wildwood,Adult,100%(~82.6 inches),,3,3,Large,,1,3,2,1,0%,,,
Gundobald,Male,#916954,#fefefe,Hyur,Highlander,Adult,100%(~78.8 inches),75%,3,4,Large,,2,2,2,,,,,
Eudestand,Male,#c39b77,#564f40,Elezen,Wildwood,Adult,100%(~82.6 inches),,2,3,Small,,3,6,1,1,50%,,,
Rhitskylt,Male,#b7c8b3,#5b6e5b,Roegadyn,Sea Wolf,Adult,50%(~87.4 inches),50%,2,5,Large,,3,1,2,,,,,
Midnight Dew,Female,#695243,#73253f,Roegadyn,Hellsguard,Adult,100%(~87.7 inches),50%,1,3,Large,,3,3,1,,,100%,,Dark
Isse,Male,#cca386,#4b361b,Hyur,Midlander,Adult,0%(~66.1 inches),50%,2,1,Large,,2,6,1,,,,,
Aymeric,Male,#e0b19c,#1f1f1f,Elezen,Wildwood,Adult,50%(~79.5 inches),,2,2,Small,,2,2,2,1,0%,,,Dark
Symme,Male,#c39f7f,#4c1915,Hyur,Midlander,Adult,100%(~71.6 inches),50%,2,2,Small,,6,4,3,,,,,
House Durendaire Knight,Male,#e2b89c,#515151,Elezen,Wildwood,Adult,50%(~79.5 inches),,1,3,Small,,1,1,1,1,50%,,,
Bewildered Man,Male,#cba689,#5e543b,Hyur,Midlander,Adult,50%(~68.9 inches),50%,2,2,Large,,1,1,1,,,,,
Secretariat Clerk,Male,#f6d0bb,#fefefe,Elezen,Wildwood,Adult,Custom,,1,1,Large,,1,1,1,0,50%,,,
Skaenrael,Female,#b5b8b6,#727272,Roegadyn,Sea Wolf,Adult,50%(~81.7 inches),50%,1,1,Large,,3,3,1,,,50%,,
Venat,Male,#f6d0bb,#fefefe,Elezen,Wildwood,Adult,Custom,,1,1,Large,,1,1,1,0,50%,,,
Skyfryn,Male,#b7c8b3,#7d907e,Roegadyn,Sea Wolf,Adult,50%(~87.4 inches),75%,1,5,Large,,4,5,3,,,,,
Yuyutazi,Male,#947857,#4e4b3b,Lalafell,Dunesfolk,Adult,75%(~37.2 inches),,3,3,Small,,5,3,2,1,50%,,,
Devout of Darkness,Female,#e1c2a7,#e9d495,Lalafell,Plainsfolk,Adult,50%(~36.2 inches),,1,1,Large,,1,1,1,4,50%,75%,,
Nenebaru,Male,#c69a82,#967d4b,Lalafell,Dunesfolk,Adult,50%(~36.2 inches),,1,3,Large,,3,3,1,1,50%,,,
Crystarium Scout,Female,#d1a78b,#552813,Hyur,Midlander,Adult,50%(~64.6 inches),50%,2,2,Large,,1,6,3,,,50%,,
Drillemont,Male,#edc7af,#b28b50,Elezen,Wildwood,Adult,75%(~81.1 inches),,2,5,Large,,5,3,1,1,50%,,,
Hopeful Citizen,Male,#dbb69d,#1f3563,Hyur,Midlander,Adult,50%(~68.9 inches),50%,2,3,Large,,3,6,1,,,,,
Tristechambel,Male,#cfa384,#565242,Elezen,Wildwood,Adult,25%(~78 inches),,4,4,Small,,3,6,1,1,50%,,,
White-robed Figure,Male,#ffd3bb,#333333,Hyur,Midlander,Adult,0%(~66.1 inches),50%,1,2,Large,,2,1,1,,,,,Light
Faramund,Male,#765542,#6e6037,Hyur,Highlander,Adult,50%(~75.8 inches),50%,4,6,Large,,3,3,1,,,,,
Kan-E-Senna,Female,#f9dac1,#e19e44,Hyur,Midlander,Adult,0%(~62 inches),50%,1,1,Large,,1,1,1,,,100%,,
Hourlinet,Male,#edc4ac,#8c4d17,Elezen,Wildwood,Adult,50%(~79.5 inches),,3,5,Large,,3,4,1,1,75%,,,
Mirthful Maiden,Female,#f2cbb3,#8f805b,Elezen,Wildwood,Adult,50%(~75.2 inches),,4,4,Large,,1,6,2,1,100%,50%,,
Shadowy Woman,Female,#e6c2a3,#515151,Miqo'te,Seeker of the Sun,Adult,25%(~60.1 inches),,2,1,Large,,3,3,3,,,0%,,Dark
Edmelle,Female,#f1ccb2,#dedede,Elezen,Wildwood,Adult,50%(~75.2 inches),,3,6,Small,,5,4,1,1,50%,50%,,
Flame Herald,Male,#765542,#4b361b,Hyur,Highlander,Adult,50%(~75.8 inches),50%,4,2,Large,,4,1,2,,,,,
Cenota,Female,#f0ccb6,#d0746e,Hyur,Midlander,Adult,50%(~64.6 inches),50%,3,1,Large,,2,4,2,,,50%,,
Manager of Suites,Male,#edc3ae,#333333,Elezen,Wildwood,Adult,100%(~82.6 inches),,1,1,Large,,2,4,4,2,25%,,,
Glagg,Male,#e1c6a8,#c1863a,Lalafell,Plainsfolk,Adult,100%(~38.2 inches),,4,5,Large,,3,1,2,1,50%,,,
Elyenora,Female,#a48968,#2e3c2f,Hyur,Highlander,Adult,75%(~72.4 inches),25%,4,1,Large,,3,1,2,,,25%,,
Landebert,Male,#7d6756,#333333,Hyur,Highlander,Adult,50%(~75.8 inches),50%,1,1,Small,,2,6,1,,,,,
Immigration Officer,Male,#e9c2ac,#333333,Miqo'te,Seeker of the Sun,Adult,100%(~68.2 inches),,2,4,Large,,3,1,4,,,,,
Simeonard of the Holiest Flame,Male,#d29f81,#793713,Elezen,Wildwood,Adult,100%(~82.6 inches),,3,2,Large,,3,6,3,1,25%,,,
Ceana,Female,#f0ccb6,#b3453e,Hyur,Midlander,Adult,50%(~64.6 inches),50%,3,4,Large,,3,1,2,,,50%,,Dark
Shiva,Female,#d7c6be,#fefefe,Elezen,Duskwight,Adult,50%(~75.2 inches),,1,1,Large,,1,1,1,1,50%,50%,,Light
Airship Attendant,Male,#dab89d,#edd5a4,Hyur,Midlander,Adult,75%(~70.2 inches),25%,4,1,Small,,2,1,3,,,,,
Dying Guard,Male,#f4d0ba,#727272,Hyur,Midlander,Adult,50%(~68.9 inches),25%,4,3,Large,,5,6,1,,,,,
Parsemontret,Male,#9d7a59,#dfd5ad,Elezen,Wildwood,Adult,50%(~79.5 inches),,2,1,Large,,1,3,1,1,25%,,,
Placid Elder,Female,#947d7b,#dcc4e7,Au Ra,Xaela,Elderly,50%(~60 inches),,3,3,Large,,2,3,3,,,100%,,
Beltardois,Male,#d7b18f,#b28b50,Elezen,Wildwood,Adult,50%(~79.5 inches),,4,4,Large,,4,6,4,1,50%,,,
Ihanami,Male,#a57259,#727272,Au Ra,Raen,Elderly,50%(~82.7 inches),50%,4,1,Large,,3,1,3,,,,,
Narengawa,Female,#6b6d81,#9e8ba8,Au Ra,Xaela,Adult,50%(~60 inches),,2,3,Large,,2,2,3,,,100%,,
Starving Child,Male,#a58568,#574d2e,Hyur,Midlander,Child,75%(~50.4 inches),50%,1,3,Small,,5,5,3,,,,,
Aergmhus,Male,#4c514c,#8f4b15,Roegadyn,Sea Wolf,Adult,25%(~85.8 inches),50%,3,4,Small,,4,6,1,,,,,
Desperate Refugee,Male,#604938,#8a7f58,Hyur,Midlander,Adult,100%(~71.6 inches),50%,3,4,Small,,1,6,3,,,,,
Hardened Man,Male,#e2b99f,#776c55,Elezen,Wildwood,Adult,75%(~81.1 inches),,3,3,Small,,3,6,3,1,25%,,,
Marcelain,Male,#eec6ac,#515151,Elezen,Wildwood,Adult,75%(~81.1 inches),,2,5,Large,,6,4,3,1,25%,,,
Sevrin,Male,#cca185,#e19e44,Hyur,Midlander,Adult,50%(~68.9 inches),50%,2,5,Small,,1,6,4,,,,,
Brunadier,Male,#eec6ac,#dedede,Elezen,Wildwood,Adult,50%(~79.5 inches),,1,1,Large,,6,5,3,1,50%,,,
Chessamile,Female,#9f7e5b,#574932,Elezen,Wildwood,Elderly,100%(~78.1 inches),,2,4,Large,,4,3,3,2,50%,100%,,
Arenvald,Male,#8e7056,#ffc89b,Hyur,Highlander,Adult,0%(~72.7 inches),100%,3,5,Large,,2,6,3,,,,,
Eyrimhus,Male,#b8cc9e,#dedede,Roegadyn,Sea Wolf,Adult,75%(~89.1 inches),75%,2,3,Small,,3,2,3,,,,,
Storm Officer (The Waking Sands),Male,#c7d7b6,#333333,Roegadyn,Sea Wolf,Adult,50%(~87.4 inches),50%,3,2,Large,,3,5,3,,,,,
Theodore,Male,#ebc4b0,#727272,Hyur,Midlander,Adult,50%(~68.9 inches),50%,1,1,Large,,1,1,1,,,,,
Alliance Herald,Male,#9f8162,#ab9567,Hyur,Midlander,Adult,50%(~68.9 inches),25%,3,1,Small,,4,3,1,,,,,
Loymet,Female,#a99d99,#b2e1d0,Viera,Veena,Adult,100%(~75.3 inches),,2,4,Large,,3,5,3,,,75%,,
Resistance Herald,Male,#f6d0bb,#fefefe,Hyur,Midlander,Adult,50%(~68.9 inches),50%,1,1,Large,,1,1,1,,,,,
Eginolf,Male,#79604c,#e0bc8c,Hyur,Highlander,Adult,100%(~78.8 inches),100%,3,3,Large,,3,3,4,,,,,
Karaku,Male,#dbb29d,#515151,Hyur,Midlander,Adult,50%(~68.9 inches),50%,2,3,Large,,3,3,2,,,,,
Motojiro,Male,#c99e87,#423524,Hyur,Midlander,Adult,25%(~67.5 inches),50%,1,3,Large,,5,6,4,,,,,
Robed Giant,Male,#f6d0bb,#fefefe,Elezen,Wildwood,Adult,Custom,,1,1,Large,,1,1,1,0,50%,,,
Thancred,Male,#dbb69d,#edd5a4,Hyur,Midlander,Adult,50%(~68.9 inches),50%,1,1,Large,,1,1,1,,,,,
Wayward Warrior,Male,#e0ba9f,#613a1b,Hyur,Midlander,Adult,50%(~68.9 inches),50%,1,1,Large,,1,1,1,,,,,
Wheiskaet,Male,#74897d,#e7c585,Roegadyn,Sea Wolf,Adult,100%(~90.7 inches),100%,1,2,Large,,4,6,3,,,,,
Well-muscled Man,Male,#a98568,#852f05,Hyur,Highlander,Adult,50%(~75.8 inches),50%,2,3,Large,,4,3,3,,,,,
Alboise,Female,#f1ccb2,#dedede,Elezen,Wildwood,Adult,75%(~76.6 inches),,4,2,Small,,1,3,3,1,50%,50%,,
Loupard,Male,#ebc3ab,#415440,Elezen,Wildwood,Adult,50%(~79.5 inches),,2,2,Large,,4,1,4,1,50%,,,
Haustefort,Male,#eec6ac,#333333,Elezen,Wildwood,Adult,75%(~81.1 inches),,2,5,Small,,2,2,1,1,75%,,,
Glynard,Male,#c7d7b6,#515151,Roegadyn,Sea Wolf,Adult,50%(~87.4 inches),50%,1,5,Small,,3,1,3,,,,,
Edda,Female,#f0ccb6,#4d4029,Hyur,Midlander,Adult,50%(~64.6 inches),0%,3,2,Large,,4,2,3,,,0%,,
Seseroga,Male,#c69a81,#7b538f,Lalafell,Dunesfolk,Adult,75%(~37.2 inches),,1,4,Large,,5,3,3,1,0%,,,
Eylgar,Male,#e9c5ad,#2f3b59,Hyur,Midlander,Adult,75%(~70.2 inches),50%,2,6,Small,,6,1,1,,,,,
Flame Personnel Officer,Male,#5f4c43,#333333,Hyur,Midlander,Adult,50%(~68.9 inches),75%,1,1,Large,,1,1,1,,,,,
Yunagi,Female,#e8bda1,#121212,Au Ra,Raen,Elderly,100%(~62.4 inches),,2,5,Large,,2,5,3,,,100%,,Light
Aenor,Female,#ceae8e,#d78848,Hyur,Highlander,Adult,50%(~71 inches),50%,1,2,Large,,2,1,2,,,100%,,Light
Wrenden,Male,#868d88,#af7254,Roegadyn,Sea Wolf,Adult,50%(~87.4 inches),50%,2,3,Large,,4,3,4,,,,,
Hancock,Male,#f6d0bb,#e19e44,Hyur,Midlander,Adult,0%(~66.1 inches),0%,1,5,Large,,1,3,3,,,,,Light
Adelstan,Male,#a97c68,#515151,Hyur,Highlander,Adult,100%(~78.8 inches),50%,4,4,Small,,1,3,3,,,,,
Kaidate,Male,#dab89d,#121212,Hyur,Midlander,Adult,75%(~70.2 inches),75%,2,4,Large,,5,5,1,,,,,
Glazrael,Female,#d6dec3,#e7c585,Roegadyn,Sea Wolf,Adult,50%(~81.7 inches),50%,1,1,Large,,1,1,1,,,50%,,
Crystarium Gatekeep,Male,#ebc4b0,#eca76f,Hyur,Midlander,Adult,25%(~67.5 inches),50%,1,5,Large,,1,6,3,,,,,
Gaius,Male,#615149,#4a2b12,Elezen,Duskwight,Adult,50%(~79.5 inches),,1,1,Large,,1,1,1,1,50%,,,
Roaille,Female,#f9d7bf,#dd9b75,Elezen,Wildwood,Adult,50%(~75.2 inches),,1,2,Large,,4,6,1,1,100%,50%,,
Blauthota,Female,#bbc7af,#9c9c9c,Roegadyn,Sea Wolf,Adult,50%(~81.7 inches),50%,3,4,Large,,3,6,2,,,75%,,
Forward Fille,Female,#efd0b7,#ffdc97,Hyur,Midlander,Adult,50%(~64.6 inches),50%,1,1,Large,,2,1,1,,,50%,,Dark
Murie,Female,#f0ccb6,#727272,Hyur,Midlander,Adult,50%(~64.6 inches),0%,1,1,Large,,1,1,1,,,0%,,
Mana,Female,#c9afa5,#4b265e,Au Ra,Raen,Child,50%(~42.7 inches),,2,5,Large,,2,2,3,,,50%,,Light
Maxima,Male,#ddb497,#564f40,Elezen,Wildwood,Adult,100%(~82.6 inches),,2,1,Large,,1,1,1,1,50%,,,
Brume Starveling,Female,#dab692,#66512f,Elezen,Wildwood,Adult,50%(~75.2 inches),,2,1,Large,,2,3,3,1,25%,50%,,Light
Tescelingeon,Male,#f5cfb9,#9c9c9c,Elezen,Wildwood,Adult,50%(~79.5 inches),,1,4,Small,,5,3,2,1,25%,,,
Hierytha,Female,#e0c1a5,#6d5a36,Hyur,Midlander,Adult,50%(~64.6 inches),50%,4,2,Large,,2,2,2,,,50%,,Light
Ersabel,Female,#4b545e,#515151,Elezen,Duskwight,Adult,50%(~75.2 inches),,1,6,Large,,1,4,4,2,50%,100%,,Light
Shadowhunter,Male,#615149,#4a2b12,Elezen,Duskwight,Adult,50%(~79.5 inches),,1,1,Large,,1,1,1,1,50%,,,
Vortefaurt,Male,#cca282,#415440,Elezen,Wildwood,Adult,50%(~79.5 inches),,2,3,Large,,4,3,4,1,50%,,,
Tesleen,Female,#f9dac1,#fdb695,Hyur,Midlander,Adult,100%(~67.1 inches),0%,3,5,Large,,4,1,3,,,100%,,Light
Vaincannet,Male,#d7b18f,#c07046,Elezen,Wildwood,Adult,50%(~79.5 inches),,3,4,Small,,2,1,1,1,75%,,,
Adalind,Female,#614f45,#4b361b,Hyur,Highlander,Adult,50%(~71 inches),50%,1,3,Small,,2,5,2,,,50%,,
Meffrid,Male,#7d6756,#333333,Hyur,Highlander,Adult,50%(~75.8 inches),75%,4,3,Large,,4,4,2,,,,,
Cravellin,Male,#eec6ac,#dedede,Elezen,Wildwood,Adult,50%(~79.5 inches),,2,6,Small,,4,2,4,1,50%,,,
Grithil,Male,#dab29d,#f6da87,Hyur,Midlander,Adult,25%(~67.5 inches),50%,2,4,Large,,3,3,3,,,,,
Cyella,Female,#bb916d,#dedede,Elezen,Wildwood,Adult,50%(~75.2 inches),,1,3,Large,,5,5,1,1,100%,100%,,Light
Otopa Pottopa,Male,#e7c6af,#9c9c9c,Lalafell,Plainsfolk,Adult,75%(~37.2 inches),,4,4,Small,,5,1,3,1,0%,,,
Trachtoum,Male,#bacf9e,#d38b51,Roegadyn,Sea Wolf,Adult,75%(~89.1 inches),75%,1,4,Large,,1,4,2,,,,,
Magus of Darkness,Male,#eec6ac,#dedede,Elezen,Wildwood,Adult,50%(~79.5 inches),,1,1,Large,,1,1,1,1,50%,,,
Flavien de Fortemps,Male,#ebc3ab,#121212,Elezen,Wildwood,Adult,50%(~79.5 inches),,4,1,Large,,1,4,1,1,50%,,,
Overwrought Wood Wailer,Male,#ebc4b0,#443b2e,Hyur,Midlander,Adult,50%(~68.9 inches),0%,1,1,Large,,1,1,1,,,,,
Josseloux,Male,#e2b99f,#333333,Elezen,Wildwood,Adult,50%(~79.5 inches),,1,3,Small,,1,1,4,1,75%,,,
Baderon,Male,#ddb29d,#4c1915,Hyur,Midlander,Adult,100%(~71.6 inches),100%,4,1,Small,,3,5,1,,,,,
Fyrbryda,Female,#dbddd2,#e7c585,Roegadyn,Sea Wolf,Adult,50%(~81.7 inches),50%,3,5,Large,,2,2,3,,,50%,,Dark
Meriel,Female,#f9dac1,#97653f,Hyur,Midlander,Adult,50%(~64.6 inches),50%,3,4,Large,,3,3,3,,,100%,,Dark
Ceinguled,Female,#caa887,#333333,Hyur,Midlander,Adult,50%(~64.6 inches),50%,3,1,Small,,2,4,2,,,25%,,Dark
Cicidoa,Male,#947857,#d8abc4,Lalafell,Dunesfolk,Adult,50%(~36.2 inches),,1,3,Small,,5,5,2,1,75%,,,
Theva,Female,#d5a383,#520e09,Elezen,Wildwood,Adult,50%(~75.2 inches),,4,3,Large,,4,1,4,1,50%,50%,,Light
Talebot,Male,#765542,#4b361b,Hyur,Highlander,Adult,50%(~75.8 inches),50%,2,1,Small,,3,1,2,,,,,
Charibert,Male,#9c7655,#b06a30,Elezen,Wildwood,Adult,50%(~79.5 inches),,1,2,Small,,4,2,2,1,50%,,,Light
Flame Private (MSQ),Male,#ebc7af,#dedede,Hyur,Midlander,Adult,50%(~68.9 inches),0%,1,1,Large,,2,1,1,,,,,
Hrotmar,Male,#c09b7e,#718691,Hyur,Highlander,Adult,100%(~78.8 inches),50%,3,3,Large,,3,3,3,,,,,
House Fortemps Knight,Male,#f5cfb9,#bda876,Elezen,Wildwood,Adult,75%(~81.1 inches),,3,6,Small,,4,6,3,1,25%,,,
Myrcant,Male,#dcb9a2,#9b7e45,Hyur,Highlander,Adult,75%(~77.3 inches),50%,2,1,Large,,3,5,2,,,,,
Pierremons,Male,#eec6ac,#dedede,Elezen,Wildwood,Adult,50%(~79.5 inches),,1,5,Small,,6,4,2,1,50%,,,
Heretic,Male,#f0cbb3,#b28b50,Elezen,Wildwood,Adult,25%(~78 inches),,2,4,Small,,1,5,1,1,50%,,,
Wymond,Male,#a58568,#423524,Hyur,Midlander,Adult,50%(~68.9 inches),50%,3,2,Large,,1,4,4,,,,,
Loanne,Female,#f1ccb2,#727272,Elezen,Wildwood,Adult,75%(~76.6 inches),,1,6,Small,,3,5,1,1,50%,50%,,
Expedition Leader,Male,#d2aa89,#8e6d3d,Elezen,Wildwood,Adult,50%(~79.5 inches),,2,4,Large,,3,3,2,1,0%,,,
Kokosamu,Male,#7d644a,#3d1d24,Lalafell,Dunesfolk,Adult,75%(~37.2 inches),,1,1,Large,,1,1,1,1,50%,,,
Paiyo Reiyo,Male,#e9c1ae,#443b2e,Lalafell,Plainsfolk,Adult,50%(~36.2 inches),,1,1,Large,,1,1,1,1,50%,,,
Leonnie,Female,#a78664,#515151,Elezen,Wildwood,Adult,25%(~73.7 inches),,4,5,Large,,2,2,4,4,75%,50%,,
Hiun,Male,#b2826f,#720e06,Hyur,Midlander,Adult,50%(~68.9 inches),25%,3,2,Small,,5,6,3,,,,,
Midlander Engineer,Male,#856b57,#6d5a36,Hyur,Midlander,Adult,50%(~68.9 inches),50%,1,1,Large,,1,3,1,,,,,
Maelie,Female,#f9d7bf,#765e42,Elezen,Wildwood,Child,50%(~53.5 inches),,2,2,Small,,2,4,1,1,50%,0%,,Light
Nunuzofu,Male,#7d644a,#5c482d,Lalafell,Dunesfolk,Adult,100%(~38.2 inches),,4,2,Large,,6,3,4,1,50%,,,
Armelle,Female,#cea785,#958d70,Elezen,Wildwood,Adult,75%(~76.6 inches),,2,6,Large,,4,3,2,1,100%,50%,,Dark
Gagaruna,Male,#d9b69a,#dedede,Lalafell,Dunesfolk,Adult,75%(~37.2 inches),,3,3,Large,,3,6,2,1,25%,,,
Y'shtola,Female,#a88369,#f8e9ca,Miqo'te,Seeker of the Sun,Adult,50%(~61.4 inches),,1,1,Large,,1,1,1,,,50%,,Light
Stone Torch,Male,#724d46,#515151,Roegadyn,Hellsguard,Adult,50%(~87.4 inches),50%,3,3,Large,,3,2,4,,,,,
Contented Carer,Female,#946b59,#e5c17a,Au Ra,Xaela,Adult,50%(~60 inches),,2,2,Large,,3,1,1,,,100%,,
Alianne,Female,#f2cbb3,#403626,Elezen,Wildwood,Adult,25%(~73.7 inches),,1,1,Large,,1,1,1,1,0%,0%,,
Miounne,Female,#e1d1c1,#515151,Elezen,Duskwight,Adult,50%(~75.2 inches),,1,1,Large,,5,1,1,1,100%,50%,,Dark
Pragmatic Amaurotine,Male,#f6d0bb,#fefefe,Elezen,Wildwood,Adult,Custom,,1,1,Large,,1,1,1,0,50%,,,
Koharu,Female,#bda17c,#333333,Hyur,Midlander,Child,50%(~46 inches),25%,2,2,Large,,4,2,1,,,0%,,
Cirina,Female,#ceb7b1,#c45a4f,Au Ra,Xaela,Adult,0%(~57.5 inches),,2,2,Large,,2,3,3,,,100%,,Light
Anguished Guard,Male,#dab89d,#cfb580,Hyur,Midlander,Adult,50%(~68.9 inches),50%,3,4,Small,,5,4,1,,,,,
Immortal Flames Pilot,Male,#7e5b47,#333333,Hyur,Midlander,Adult,100%(~71.6 inches),50%,2,4,Large,,4,1,3,,,,,
Lewin,Male,#ebc4b0,#443b2e,Hyur,Midlander,Adult,100%(~71.6 inches),100%,1,1,Large,,1,3,1,,,,,
Redwald,Male,#ebc7ae,#423524,Hyur,Midlander,Adult,50%(~68.9 inches),50%,2,3,Large,,5,6,3,,,,,
Inconspicuous Man,Male,#edc9b4,#944b0e,Hyur,Midlander,Adult,100%(~71.6 inches),100%,2,6,Large,,4,3,3,,,,,Light
Yellow Moon,Female,#6e4d42,#c56c41,Roegadyn,Hellsguard,Adult,100%(~87.7 inches),50%,2,3,Large,,3,3,2,,,100%,,Dark
Grinnaux,Male,#44352e,#776c55,Elezen,Wildwood,Adult,100%(~82.6 inches),,1,2,Large,,1,1,2,3,100%,,,
Chadden,Male,#818c84,#592725,Roegadyn,Sea Wolf,Adult,100%(~90.7 inches),50%,1,1,Large,,1,1,1,,,,,
Ivaurault,Male,#cca282,#121212,Elezen,Wildwood,Adult,75%(~81.1 inches),,4,4,Small,,6,1,3,1,25%,,,
Bitter Knight,Male,#9d7455,#c2b38e,Elezen,Wildwood,Adult,50%(~79.5 inches),,4,5,Small,,2,4,3,1,75%,,,
Elderly Citizen,Female,#f0ccb6,#515151,Hyur,Midlander,Elderly,50%(~64.6 inches),50%,2,2,Large,,3,3,1,,,50%,,
Carvallain,Male,#634c40,#80271e,Elezen,Wildwood,Adult,75%(~81.1 inches),,1,1,Large,,2,5,1,1,100%,,,Dark
Leofric,Male,#96765b,#333333,Hyur,Midlander,Adult,50%(~68.9 inches),100%,3,4,Large,,3,1,1,,,,,
Resolute Citizen,Male,#cca386,#7d5f3b,Hyur,Midlander,Adult,75%(~70.2 inches),50%,1,1,Large,,1,1,1,,,,,
Convalescent Guard,Male,#dab89d,#cfb580,Hyur,Midlander,Adult,50%(~68.9 inches),50%,3,4,Small,,5,4,1,,,,,
Aurildis,Female,#7d624a,#4d4029,Hyur,Highlander,Adult,50%(~71 inches),0%,1,1,Large,,1,1,1,,,0%,,
Prunilla,Female,#f1ccb2,#dedede,Elezen,Wildwood,Adult,50%(~75.2 inches),,4,6,Small,,2,3,4,1,50%,50%,,
Rhotwyda,Female,#bfccaf,#727272,Roegadyn,Sea Wolf,Adult,50%(~81.7 inches),50%,2,4,Large,,4,6,2,,,75%,,
Tatty Townswoman,Female,#cfab8c,#7d5f3b,Hyur,Midlander,Adult,0%(~62 inches),50%,3,2,Large,,3,1,2,,,50%,,
Lulutsu,Female,#eac0ae,#c3a9d0,Lalafell,Dunesfolk,Adult,75%(~37.2 inches),,4,2,Large,,3,1,3,1,0%,0%,,
Alestan,Male,#c5a184,#333333,Hyur,Midlander,Adult,100%(~71.6 inches),100%,3,3,Large,,5,1,3,,,,,
Unruffled Refugee,Female,#af8d71,#371612,Elezen,Wildwood,Adult,100%(~78.1 inches),,2,4,Large,,4,2,3,4,100%,100%,,Light
Cassana,Female,#695243,#653846,Roegadyn,Hellsguard,Adult,75%(~84.7 inches),50%,3,3,Large,,4,6,1,,,75%,,
Kikina,Female,#624f40,#c4bb99,Lalafell,Dunesfolk,Adult,50%(~36.2 inches),,3,5,Small,,4,3,1,1,25%,50%,,
Hyuran Coachman,Male,#ebc7af,#415440,Hyur,Midlander,Adult,50%(~68.9 inches),0%,2,2,Large,,2,6,4,,,,,
Wyrkrhit,Male,#96a784,#7d907e,Roegadyn,Sea Wolf,Adult,50%(~87.4 inches),50%,1,2,Large,,2,6,2,,,,,
Hoary Boulder,Male,#947e78,#84211a,Roegadyn,Hellsguard,Adult,100%(~90.7 inches),50%,1,5,Small,,3,6,3,,,,,
Shar,Female,#414b47,#1f3563,Au Ra,Xaela,Adult,50%(~60 inches),,3,3,Small,,1,2,4,,,50%,,
Unnerved Fisher,Male,#dbb292,#703c0f,Elezen,Wildwood,Adult,50%(~79.5 inches),,1,3,Large,,2,3,3,1,75%,,,
Baensyng,Male,#dfeaca,#e7c585,Roegadyn,Sea Wolf,Adult,75%(~89.1 inches),50%,3,5,Small,,2,5,4,,,,,
Saint Coinach Ferryman,Male,#898d8a,#592725,Roegadyn,Sea Wolf,Adult,100%(~90.7 inches),50%,4,3,Large,,2,2,3,,,,,
Free Citizen,Male,#cda98e,#552813,Hyur,Midlander,Elderly,50%(~68.9 inches),50%,4,4,Large,,4,3,1,,,,,
Ossine,Male,#d7b596,#222b26,Hyur,Midlander,Adult,50%(~68.9 inches),0%,1,1,Large,,5,2,1,,,,,
Ingaret,Female,#f0ccb6,#cca65b,Hyur,Midlander,Adult,50%(~64.6 inches),50%,2,3,Small,,2,4,2,,,50%,,
Owyne,Male,#a7886b,#dcecf5,Hyur,Midlander,Adult,75%(~70.2 inches),100%,1,2,Small,,4,2,1,,,,,
Nawashiro,Male,#ab8c75,#6d381e,Hyur,Midlander,Adult,50%(~68.9 inches),75%,1,4,Large,,4,6,4,,,,,
Ucugen,Female,#414b47,#d78848,Au Ra,Xaela,Adult,100%(~62.4 inches),,3,4,Large,,4,2,3,,,100%,,Light
Lucia,Female,#f0cbb1,#fbf5dc,Elezen,Wildwood,Adult,50%(~75.2 inches),,1,1,Large,,1,1,1,1,50%,50%,,
Panicked Caregiver,Female,#946b59,#e5c17a,Au Ra,Xaela,Adult,50%(~60 inches),,2,2,Large,,3,1,1,,,100%,,
Irvithe,Male,#a58568,#333333,Hyur,Midlander,Adult,100%(~71.6 inches),50%,2,3,Large,,1,3,3,,,,,
Bragi,Male,,#847550,Hrothgar,The Lost,Adult,100%(~83.8 inches),,2,3,Small,,4,2,3,,,,,
Capitol Attendant,Male,#f6d0bb,#fefefe,Elezen,Wildwood,Adult,Custom,,1,1,Large,,1,1,1,0,50%,,,
Godbert,Male,#d0a794,#fff8e4,Hyur,Highlander,Adult,100%(~78.8 inches),100%,1,1,Large,,1,1,1,,,,,
Terrified Refugee,Male,#996f5b,#6e6037,Hyur,Midlander,Adult,25%(~67.5 inches),50%,3,2,Large,,2,4,4,,,,,
Eulmoran Adjutant,Male,#cd9f85,#1f3563,Hyur,Midlander,Adult,100%(~71.6 inches),50%,2,3,Large,,1,6,4,,,,,
Gibrillont,Male,#d0a588,#5b2608,Elezen,Wildwood,Adult,100%(~82.6 inches),,1,3,Large,,2,4,4,3,50%,,,
Determined Caregiver,Female,#946b59,#e5c17a,Au Ra,Xaela,Adult,50%(~60 inches),,2,2,Large,,3,1,1,,,100%,,
Brawny Knight,Male,#9d7455,#121212,Elezen,Wildwood,Adult,50%(~79.5 inches),,2,1,Small,,1,2,2,1,50%,,,
Ignemortel,Male,#cca282,#e6ab7a,Elezen,Wildwood,Adult,75%(~81.1 inches),,1,4,Large,,3,1,1,1,50%,,,
Injured Hearer,Male,#d19a81,#333333,Elezen,Wildwood,Adult,50%(~79.5 inches),,1,3,Large,,1,1,1,1,0%,,,
Geva,Female,#ceac8e,#d5bc72,Hyur,Midlander,Adult,75%(~65.8 inches),0%,3,3,Small,,1,3,2,,,75%,,
Amalberga,Female,#f0ccb6,#4d4029,Hyur,Highlander,Adult,50%(~71 inches),0%,1,1,Large,,1,1,1,,,0%,,
Firkmann,Male,#b7c8b3,#a3936f,Roegadyn,Sea Wolf,Adult,50%(~87.4 inches),50%,3,3,Large,,4,1,2,,,,,
Sundhimal,Male,#6d706d,#273b44,Roegadyn,Sea Wolf,Adult,50%(~87.4 inches),75%,3,1,Large,,3,3,1,,,,,
Biggs,Male,#c7d7b6,#a3936f,Roegadyn,Sea Wolf,Adult,50%(~87.4 inches),50%,1,1,Large,,1,3,2,,,,,
Ardent Attendant,Male,#be9680,#6e6037,Hyur,Highlander,Adult,25%(~74.2 inches),50%,1,3,Large,,2,2,3,,,,,
Storm Personnel Officer,Male,#b5886d,#515151,Hyur,Midlander,Adult,50%(~68.9 inches),75%,1,1,Large,,1,1,1,,,,,
Temple Herald,Male,#f0cbb3,#fef0ce,Elezen,Wildwood,Adult,100%(~82.6 inches),,2,3,Large,,3,6,3,1,50%,,,
Drest,Male,#846a55,#80704c,Hyur,Midlander,Adult,50%(~68.9 inches),50%,1,5,Small,,5,1,1,,,,,
Son of Saint Coinach,Male,#cca282,#333333,Elezen,Wildwood,Adult,50%(~79.5 inches),,4,5,Large,,1,1,3,1,50%,,,
Storm Honor Guard,Female,#c79884,#c3a9d0,Miqo'te,Seeker of the Sun,Adult,75%(~62.6 inches),,3,1,Large,,2,3,1,,,50%,,
Composed Fisher,Male,#be9680,#331e25,Hyur,Highlander,Adult,50%(~75.8 inches),75%,2,2,Small,,2,2,1,,,,,
Astidien,Male,#e9c1a8,#b06a30,Elezen,Wildwood,Adult,50%(~79.5 inches),,2,2,Large,,2,1,4,1,50%,,,
Runar,Male,,#313131,Hrothgar,The Lost,Adult,100%(~83.8 inches),,3,4,Large,,2,1,2,,,,,
Estinien Wyrmblood,Male,#d0a886,#c6d8e1,Elezen,Wildwood,Adult,50%(~79.5 inches),,1,2,Small,,3,5,2,1,50%,,,
Byrglaent,Male,#ccddb6,#121212,Roegadyn,Sea Wolf,Adult,50%(~87.4 inches),50%,2,3,Large,,1,2,1,,,,,
L'nophlo,Female,#eec8ae,#e5c17a,Miqo'te,Seeker of the Sun,Adult,50%(~61.4 inches),,3,6,Small,,1,6,4,,,50%,,
Ghimthota,Female,#8fa294,#6a5b41,Roegadyn,Sea Wolf,Adult,50%(~81.7 inches),50%,3,5,Small,,4,4,1,,,25%,,
Jillian,Female,#eecdb3,#333333,Hyur,Midlander,Adult,50%(~64.6 inches),75%,4,4,Small,,3,5,4,,,75%,,
Amiable Maiden,Female,#efd0b5,#552813,Hyur,Midlander,Adult,50%(~64.6 inches),50%,1,3,Large,,5,3,1,,,0%,,Dark
Staelwyrn,Male,#4c514c,#9c9c9c,Roegadyn,Sea Wolf,Adult,25%(~85.8 inches),75%,1,1,Large,,1,1,1,,,,,
Wystan,Male,#ddb39d,#302237,Hyur,Midlander,Adult,50%(~68.9 inches),50%,2,6,Large,,4,6,4,,,,,
Junghbhar,Male,#96ab9a,#aa8691,Roegadyn,Sea Wolf,Adult,50%(~87.4 inches),75%,1,5,Small,,3,5,2,,,,,
Lue-Reeq,Male,#f3cbb7,#425170,Miqo'te,Seeker of the Sun,Adult,50%(~65.5 inches),,4,4,Large,,2,4,1,,,,,Light
Flame Officer (The Waking Sands),Male,#7b5f48,#333333,Hyur,Midlander,Adult,75%(~70.2 inches),50%,1,5,Large,,3,5,1,,,,,
Sentry,Male,#d0af90,#e0bc8c,Hyur,Midlander,Adult,50%(~68.9 inches),50%,3,6,Large,,1,3,1,,,,,
Imedia,Female,#f0ccb6,#333333,Hyur,Midlander,Adult,50%(~64.6 inches),0%,1,1,Large,,1,1,1,,,0%,,Light
Stern Sultansworn,Male,#caaa8d,#515151,Hyur,Highlander,Adult,50%(~75.8 inches),50%,1,1,Large,,1,1,1,,,,,
Grynewyda,Female,#afbeac,#333333,Roegadyn,Sea Wolf,Adult,50%(~81.7 inches),25%,3,1,Large,,4,3,3,,,50%,,
Proud Patriot,Male,#e2b49a,#3d4c72,Elezen,Wildwood,Adult,50%(~79.5 inches),,4,3,Large,,2,2,2,1,50%,,,
Eustace,Male,#604c3f,#333333,Hyur,Midlander,Adult,75%(~70.2 inches),50%,3,2,Large,,1,2,2,,,,,
Ermegarde,Female,#89715d,#515151,Hyur,Midlander,Adult,50%(~64.6 inches),75%,3,2,Small,,1,1,1,,,50%,,
Yaelle,Female,#f1ccb2,#8c4d17,Elezen,Wildwood,Adult,25%(~73.7 inches),,4,6,Small,,1,4,3,1,25%,50%,,
Raubahn,Male,#5b4332,#4d4029,Hyur,Highlander,Adult,Custom,100%,1,1,Large,,1,1,1,,,,,
Granson,Male,#e0bba0,#2b4b5d,Hyur,Midlander,Adult,100%(~71.6 inches),100%,2,2,Large,,1,6,3,,,,,Light
Ahtbyrm,Male,#b7c8b3,#442515,Roegadyn,Sea Wolf,Adult,100%(~90.7 inches),75%,2,1,Small,,4,2,4,,,,,
M'naago,Female,#73563d,#eca76f,Miqo'te,Seeker of the Sun,Adult,100%(~63.8 inches),,1,6,Large,,3,1,1,,,100%,,Light
Beves,Male,#906955,#606f8b,Hyur,Highlander,Adult,100%(~78.8 inches),50%,3,6,Large,,3,2,3,,,,,
Rhoswen,Female,#997b5e,#f2c56d,Hyur,Midlander,Adult,75%(~65.8 inches),50%,2,3,Small,,5,3,2,,,100%,,Dark
Wercrata,Male,#765542,#333333,Hyur,Highlander,Adult,75%(~77.3 inches),25%,3,6,Large,,2,2,4,,,,,
Riol,Male,#c5a184,#f2c56d,Hyur,Midlander,Adult,50%(~68.9 inches),100%,1,4,Large,,6,6,1,,,,,
Bluomwyda,Female,#adc099,#5a2800,Roegadyn,Sea Wolf,Adult,50%(~81.7 inches),50%,2,3,Small,,3,1,1,,,50%,,
Thoarich,Male,#c9a588,#cca65b,Hyur,Midlander,Elderly,50%(~68.9 inches),50%,3,3,Large,,3,2,3,,,,,
Grehfarr,Male,#dfeaca,#e7c585,Roegadyn,Sea Wolf,Adult,50%(~87.4 inches),50%,3,1,Large,,1,6,4,,,,,
Swaenhylt,Male,#5f4134,#bfbfbf,Roegadyn,Hellsguard,Adult,50%(~87.4 inches),50%,2,5,Large,,1,4,2,,,,,
Ludovoix,Male,#eec6ac,#dedede,Elezen,Wildwood,Adult,50%(~79.5 inches),,4,1,Large,,2,2,3,1,50%,,,
Asahi,Male,#ffd3bb,#333333,Hyur,Midlander,Adult,0%(~66.1 inches),50%,1,2,Large,,2,1,2,,,,,Light
Hida,Female,#f0ccb6,#727272,Hyur,Midlander,Adult,50%(~64.6 inches),0%,1,1,Large,,1,1,1,,,0%,,
Registration Officer,Female,#eecdb3,#fdc06e,Miqo'te,Seeker of the Sun,Adult,0%(~58.9 inches),,1,5,Small,,3,2,3,,,0%,,
Waldhar,Male,#5b4535,#515151,Hyur,Highlander,Adult,50%(~75.8 inches),50%,1,3,Large,,1,4,4,,,,,
Storm Private (Into the Heart of the Whorl),Male,#f4d0ba,#edd5a4,Hyur,Midlander,Adult,100%(~71.6 inches),100%,1,1,Small,,2,6,2,,,,,
Serpent Officer (The Waking Sands),Male,#cca282,#333333,Elezen,Wildwood,Adult,50%(~79.5 inches),,2,4,Large,,1,2,1,1,50%,,,
V'mah Tia,Male,#91694b,#c1863a,Miqo'te,Seeker of the Sun,Adult,100%(~68.2 inches),,2,2,Large,,2,2,2,,,,,
Servile Sultansworn,Male,#805a41,#695e40,Lalafell,Dunesfolk,Adult,50%(~36.2 inches),,1,4,Large,,4,3,3,1,75%,,,
Lolorito,Male,#997153,#ffeabe,Lalafell,Dunesfolk,Adult,50%(~36.2 inches),,1,2,Large,,4,1,1,1,50%,,,
House Fortemps Knight (NPC),Male,#f5cfb9,#bda876,Elezen,Wildwood,Adult,75%(~81.1 inches),,3,6,Small,,4,6,3,1,25%,,,
Giott,Male,#edcdb7,#6c332e,Lalafell,Dunesfolk,Adult,0%(~34.2 inches),,4,4,Large,,2,4,3,4,50%,,,Light
Homei,Male,#c5a184,#333333,Hyur,Midlander,Elderly,25%(~67.5 inches),50%,1,1,Large,,1,1,1,,,,,
Seseli,Female,#eac0ae,#727272,Lalafell,Dunesfolk,Adult,50%(~36.2 inches),,1,1,Large,,1,1,1,1,0%,0%,,
Igeyorhm,Female,#e3c2a5,#15274e,Hyur,Midlander,Adult,100%(~67.1 inches),50%,3,1,Large,,5,1,3,,,50%,,
Albreda,Female,#88715e,#333333,Hyur,Highlander,Adult,50%(~71 inches),50%,3,5,Small,,3,6,1,,,50%,,
Ephemie,Female,#eecbaf,#565242,Elezen,Wildwood,Adult,75%(~76.6 inches),,2,4,Large,,3,4,3,2,25%,100%,,Dark
Vault Priest,Male,#f5cfb9,#ecceb5,Elezen,Wildwood,Adult,75%(~81.1 inches),,1,3,Small,,6,5,1,1,50%,,,
Davyd,Male,#c9a588,#e0bc8c,Hyur,Midlander,Adult,50%(~68.9 inches),25%,1,5,Large,,5,4,4,,,,,
Black-robed Ascian,Male,#f6d0bb,#fefefe,Hyur,Midlander,Adult,50%(~68.9 inches),50%,1,1,Large,,1,1,1,,,,,
Tebbe,Male,#7d6756,#333333,Hyur,Highlander,Adult,50%(~75.8 inches),50%,3,1,Small,,2,4,1,,,,,
Bertliana,Female,#614f45,#4b361b,Hyur,Highlander,Adult,50%(~71 inches),50%,1,3,Large,,3,2,4,,,75%,,
Suspicious Coerthan (For the Greater Good),Male,#d7b18f,#bda876,Elezen,Wildwood,Adult,50%(~79.5 inches),,2,4,Large,,3,2,3,1,25%,,,
Wounded Guard,Male,#a7886b,#552813,Hyur,Midlander,Adult,50%(~68.9 inches),50%,4,3,Small,,1,2,2,,,,,
Hythlodaeus,Male,#f6d0bb,#fefefe,Elezen,Wildwood,Adult,Custom,,1,1,Large,,1,1,1,0,50%,,,
Osric,Male,#7b5f48,#727272,Hyur,Midlander,Adult,75%(~70.2 inches),50%,1,2,Small,,2,2,2,,,,,
Gaius van Baelsar,Male,#eec6ac,#dedede,Elezen,Wildwood,Adult,50%(~79.5 inches),,1,1,Large,,1,1,1,1,50%,,,
Eynzahr Slafyrsyn,Male,#79836a,#9c9c9c,Roegadyn,Sea Wolf,Adult,50%(~87.4 inches),50%,1,1,Large,,1,1,1,,,,,
Resistance Guard,Female,#b58a73,#4b361b,Hyur,Highlander,Adult,25%(~69.6 inches),50%,1,1,Large,,2,3,1,,,50%,,
Merlwyb,Female,#ffdfc4,#ffffff,Roegadyn,Sea Wolf,Adult,50%(~81.7 inches),50%,1,1,Large,,1,1,1,,,50%,,
Guillaime,Male,#e2bda1,#162138,Elezen,Wildwood,Adult,100%(~82.6 inches),,2,6,Small,,3,2,4,1,50%,,,
Tireless Trader,Male,#af9891,#493621,Roegadyn,Hellsguard,Adult,50%(~87.4 inches),25%,1,2,Large,,1,6,4,,,,,
Haname,Female,#ceae8e,#333333,Hyur,Midlander,Adult,0%(~62 inches),75%,2,1,Large,,3,4,3,,,50%,,
Isildaure,Male,#b78f6d,#d7dcea,Elezen,Wildwood,Adult,25%(~78 inches),,1,1,Large,,1,1,1,1,0%,,,
Fridurih,Male,#a58568,#333333,Hyur,Midlander,Adult,50%(~68.9 inches),50%,2,5,Small,,6,4,4,,,,,
Portelaine,Male,#eec6ac,#681910,Elezen,Wildwood,Adult,25%(~78 inches),,4,4,Large,,3,1,1,1,50%,,,
Thubyrgeim,Female,#cdd5c2,#592725,Roegadyn,Sea Wolf,Adult,50%(~81.7 inches),50%,2,2,Large,,2,1,1,,,100%,,Dark
Totoruna,Male,#c69a82,#333333,Lalafell,Dunesfolk,Adult,0%(~34.2 inches),,1,4,Small,,4,4,2,1,50%,,,
Blessed Man,Male,#807a6b,#515151,Elezen,Duskwight,Adult,50%(~79.5 inches),,2,2,Large,,2,2,2,1,50%,,,
Jocea,Female,#efd0b5,#333333,Hyur,Midlander,Adult,50%(~64.6 inches),50%,2,4,Small,,5,5,4,,,25%,,
Ysayle,Female,#d7c6be,#fefefe,Elezen,Duskwight,Adult,50%(~75.2 inches),,1,1,Large,,1,1,1,1,50%,50%,,Light
Ernold,Male,#7e5848,#5d436b,Hyur,Midlander,Elderly,50%(~68.9 inches),50%,2,3,Large,,3,3,4,,,,,
Nero tol Scaeva,Male,#f0cbb3,#f0c585,Elezen,Wildwood,Adult,50%(~79.5 inches),,1,1,Large,,1,1,1,1,50%,,,
Imperial Pilot,Male,#ebc4b0,#cfb580,Hyur,Midlander,Adult,50%(~68.9 inches),50%,2,2,Large,,1,6,4,,,,,
Skysteel Engineer,Male,#dbb292,#8c4d17,Elezen,Wildwood,Adult,100%(~82.6 inches),,1,3,Large,,2,4,4,4,50%,,,
J'moldva,Female,#af9788,#80271f,Miqo'te,Keeper of the Moon,Adult,50%(~61.4 inches),,1,3,Large,,1,3,2,,,50%,,
Fresh-faced Man,Male,#c39f7f,#f2c56d,Hyur,Midlander,Adult,0%(~66.1 inches),50%,2,5,Large,,1,3,3,,,,,Light
Madelle,Female,#cea785,#727272,Elezen,Wildwood,Adult,50%(~75.2 inches),,3,6,Small,,2,6,4,1,50%,50%,,Dark
Grenoldt,Male,#7d6756,#333333,Hyur,Highlander,Adult,50%(~75.8 inches),100%,1,1,Large,,1,1,1,,,,,
Red Jongleur,Female,#d1b092,#d5bc72,Hyur,Midlander,Adult,100%(~67.1 inches),0%,3,2,Large,,4,3,1,,,0%,,Dark
Victor,Male,#ebc4b0,#515151,Hyur,Midlander,Adult,50%(~68.9 inches),0%,1,1,Large,,1,1,1,,,,,
Ardbert,Male,#e0ba9f,#613a1b,Hyur,Midlander,Adult,50%(~68.9 inches),50%,1,1,Large,,1,1,1,,,,,
Stunned Citizen,Male,#f5cfb9,#282d41,Elezen,Wildwood,Adult,50%(~79.5 inches),,2,1,Large,,2,3,2,1,75%,,,
Orella,Female,#876f56,#f6da87,Hyur,Highlander,Adult,100%(~73.8 inches),100%,1,2,Large,,2,2,3,,,100%,,Dark
Mimidoa,Male,#e8c1af,#727272,Lalafell,Dunesfolk,Adult,50%(~36.2 inches),,3,5,Small,,2,1,1,1,50%,,,
Xamott,Male,#e9c4ae,#7b538f,Lalafell,Dunesfolk,Adult,0%(~34.2 inches),,2,4,Large,,1,3,1,3,50%,,,
Rowena,Female,#88715e,#4e2b0f,Hyur,Midlander,Adult,50%(~64.6 inches),50%,3,4,Large,,1,1,1,,,100%,,Light
Katliss,Female,#c8a37d,#441524,Elezen,Wildwood,Adult,50%(~75.2 inches),,1,4,Large,,2,4,1,1,50%,50%,,Light
Wiscar,Male,#8f6854,#425170,Hyur,Highlander,Adult,100%(~78.8 inches),100%,1,3,Large,,4,3,1,,,,,Light
Chaunollet,Male,#eec6ac,#727272,Elezen,Wildwood,Adult,50%(~79.5 inches),,3,2,Large,,1,2,1,1,25%,,,
Jeantremont,Male,#eec6ac,#727272,Elezen,Wildwood,Adult,50%(~79.5 inches),,1,3,Large,,1,2,4,1,50%,,,
Rickeman,Male,#ebc7af,#dedede,Hyur,Midlander,Adult,50%(~68.9 inches),50%,4,5,Large,,1,6,3,,,,,
Dorbei,Male,#404f57,#7a6185,Au Ra,Xaela,Adult,50%(~82.7 inches),50%,2,2,Large,,2,3,3,,,,,Light
Shiosai,Male,#bd9988,#1c263a,Au Ra,Raen,Adult,50%(~82.7 inches),50%,2,2,Large,,2,3,1,,,,,Light
Ragged Refugee,Male,#d7b18f,#bfbfbf,Elezen,Wildwood,Elderly,50%(~79.5 inches),,4,6,Large,,3,2,4,1,50%,,,
Wineburg,Female,#c79884,#727272,Miqo'te,Seeker of the Sun,Adult,50%(~61.4 inches),,1,1,Large,,3,3,1,,,50%,,
Elaisse,Female,#e0bfa3,#944b0e,Hyur,Midlander,Adult,50%(~64.6 inches),50%,2,2,Large,,1,5,3,,,50%,,Dark
Spotted Meadow,Male,#724d46,#727272,Roegadyn,Hellsguard,Adult,50%(~87.4 inches),50%,2,3,Small,,3,6,2,,,,,
Shoina,Female,#e8cab0,#5b6e5b,Viera,Veena,Adult,100%(~75.3 inches),,2,3,Large,,3,2,4,,,100%,,
Keeper of the Entwined Serpents (Hyur),Male,#ebc4b0,#333333,Hyur,Midlander,Adult,100%(~71.6 inches),0%,3,2,Small,,4,4,1,,,,,
Buscarron,Male,#96785b,#443b2e,Hyur,Midlander,Adult,100%(~71.6 inches),100%,1,6,Large,,3,5,1,,,,,
Noirterel,Male,#f0cbb3,#5b6a8e,Elezen,Wildwood,Adult,50%(~79.5 inches),,1,4,Large,,4,2,2,1,75%,,,
Cassard,Male,#868d88,#8f4b15,Roegadyn,Sea Wolf,Adult,100%(~90.7 inches),50%,1,1,Large,,1,1,1,,,,,
Vorsaile Heuloix,Male,#a58061,#625d49,Elezen,Wildwood,Adult,50%(~79.5 inches),,4,1,Large,,2,6,1,1,50%,,,Light
Yellowjacket,Female,#eec8ae,#f7f5ec,Miqo'te,Seeker of the Sun,Adult,50%(~61.4 inches),,3,6,Small,,1,6,4,,,50%,,
Hozan,Male,#c5a184,#333333,Hyur,Midlander,Adult,25%(~67.5 inches),50%,2,6,Large,,3,1,4,,,,,
Gun-toting Compatriot,Male,#92a384,#a3936f,Roegadyn,Sea Wolf,Adult,50%(~87.4 inches),50%,1,1,Large,,1,3,2,,,,,
Lyulf,Male,#ebc4b0,#80704c,Hyur,Midlander,Adult,50%(~68.9 inches),75%,4,3,Small,,1,2,2,,,,,
Urianger,Male,#d19a81,#958d70,Elezen,Wildwood,Adult,50%(~79.5 inches),,1,1,Large,,1,1,1,1,50%,,,
Ninne,Female,#f0cdb4,#333333,Elezen,Wildwood,Adult,50%(~75.2 inches),,4,4,Small,,2,3,4,1,100%,50%,,Light
Swynbroes,Male,#423333,#40222b,Roegadyn,Hellsguard,Adult,75%(~89.1 inches),50%,1,1,Large,,1,1,1,,,,,
Higiri,Female,#dabc9b,#3b2744,Hyur,Midlander,Adult,0%(~62 inches),0%,2,3,Large,,4,3,4,,,50%,,Light
Baatu,Male,#817b88,#b86624,Au Ra,Xaela,Adult,100%(~85.4 inches),100%,2,3,Large,,1,6,3,,,,,Light
Raffe,Male,#7c624a,#515151,Hyur,Midlander,Adult,75%(~70.2 inches),25%,4,3,Small,,5,1,4,,,,,
Vonard,Male,#d0d4cd,#8f4b15,Roegadyn,Sea Wolf,Adult,50%(~87.4 inches),50%,2,4,Small,,3,5,3,,,,,
Quentenain,Male,#a9a6a3,#515151,Elezen,Duskwight,Adult,50%(~79.5 inches),,1,1,Large,,1,1,1,1,50%,,,
Ahelissa,Female,#88715e,#4b361b,Hyur,Highlander,Adult,50%(~71 inches),50%,1,1,Large,,1,5,4,,,50%,,
White-robed Ascian,Male,#ebc7af,#dedede,Hyur,Midlander,Adult,50%(~68.9 inches),50%,1,1,Large,,1,1,1,,,,,
Yagoro,Male,#b38d6e,#423524,Hyur,Midlander,Adult,25%(~67.5 inches),50%,2,6,Large,,4,6,2,,,,,
Urswyrst,Male,#b7c8b3,#5b6e5b,Roegadyn,Sea Wolf,Adult,50%(~87.4 inches),50%,2,1,Large,,3,2,2,,,,,
Adalbert,Male,#ad8f70,#8b1b13,Hyur,Highlander,Adult,50%(~75.8 inches),50%,1,6,Large,,1,5,2,,,,,
Papalymo,Male,#f0dbc1,#edd5a4,Lalafell,Plainsfolk,Adult,75%(~37.2 inches),,1,1,Large,,1,1,1,1,50%,,,
Nanamo Ul Namo,Female,#f0dbc1,#ffc89b,Lalafell,Plainsfolk,Adult,50%(~36.2 inches),,1,1,Large,,1,1,1,1,50%,50%,,
Terrified Man,Male,#d0af90,#e89166,Hyur,Midlander,Adult,50%(~68.9 inches),50%,1,1,Large,,1,1,1,,,,,
Yuyuhase,Male,#e9c1ae,#eca76f,Lalafell,Dunesfolk,Adult,50%(~36.2 inches),,4,3,Large,,4,4,4,1,50%,,,
Janremi Blackheart,Male,#dec9be,#727272,Elezen,Duskwight,Adult,75%(~81.1 inches),,2,3,Small,,3,2,2,1,50%,,,
Shiun,Male,#cfab8e,#333333,Hyur,Midlander,Child,0%(~46.3 inches),50%,1,5,Small,,3,2,1,,,,,
Gogg Dwarf,Male,#e9c4ae,#e5c17a,Lalafell,Plainsfolk,Adult,25%(~35.2 inches),,1,2,Small,,6,1,1,1,50%,,,
Conrad,Male,#5f4b3b,#8a7f58,Hyur,Midlander,Elderly,100%(~71.6 inches),100%,4,2,Large,,1,2,3,,,,,
Masgud,Male,#1d1d2e,#5d503a,Au Ra,Xaela,Adult,50%(~82.7 inches),50%,3,2,Large,,2,3,3,,,,,
Masked Mage,Male,#f6d0bb,#fefefe,Hyur,Midlander,Adult,50%(~68.9 inches),50%,1,1,Large,,1,1,1,,,,,
Rhesh Polaali,Female,#d9c6bc,#a07d4f,Miqo'te,Keeper of the Moon,Adult,75%(~62.6 inches),,1,6,Large,,4,4,3,,,50%,,Dark
Thaffe,Male,#a98568,#852f05,Hyur,Highlander,Adult,50%(~75.8 inches),50%,2,3,Large,,4,3,3,,,,,
Dazed Citizen,Female,#f6d4bd,#874740,Miqo'te,Seeker of the Sun,Adult,100%(~63.8 inches),,1,1,Large,,1,1,1,,,100%,,
Earnest Maid,Female,#dfb9a3,#73253f,Hyur,Midlander,Adult,25%(~63.3 inches),50%,3,5,Large,,3,3,3,,,50%,,Light
Otelin,Male,#a1846e,#6e6037,Hyur,Highlander,Adult,75%(~77.3 inches),50%,3,1,Large,,4,4,3,,,,,
Fearful Man,Male,#c5a184,#423524,Hyur,Midlander,Adult,50%(~68.9 inches),50%,3,1,Large,,3,2,3,,,,,
High Adjudicator,Male,#f5cfb9,#574932,Elezen,Wildwood,Adult,100%(~82.6 inches),,3,3,Small,,5,2,3,1,50%,,,
Flame Honor Guard,Male,#7d6756,#333333,Hyur,Highlander,Adult,100%(~78.8 inches),50%,1,3,Small,,1,3,3,,,,,
Sylvetrel de Dzemael,Male,#cda385,#aa8691,Elezen,Wildwood,Adult,50%(~79.5 inches),,2,5,Small,,5,3,2,1,50%,,,
Magnus,Male,,#131322,Hrothgar,Helions,Adult,100%(~83.8 inches),,2,2,Small,,2,2,2,,,,,
Dolorous Bear,Male,#e1d1c9,#3b6353,Roegadyn,Hellsguard,Adult,50%(~87.4 inches),0%,1,1,Large,,1,1,1,,,,,
Haurchefant,Male,#f6d0bb,#8db0c0,Elezen,Wildwood,Adult,75%(~81.1 inches),,4,3,Large,,3,6,1,1,50%,,,
Witless Wood Wailer,Female,#d39f84,#958d70,Elezen,Wildwood,Adult,50%(~75.2 inches),,1,1,Large,,1,1,1,1,0%,0%,,
Eirwel,Male,#f0cbb3,#293659,Elezen,Wildwood,Child,25%(~55 inches),,2,4,Large,,1,3,3,1,50%,,,
Highborn Merchant,Male,#f5cfb9,#d1a15d,Elezen,Wildwood,Adult,75%(~81.1 inches),,1,5,Small,,3,3,3,1,75%,,,
Temulun,Female,#65565f,#d4aa88,Au Ra,Xaela,Elderly,0%(~57.5 inches),,3,5,Small,,2,5,2,,,50%,,
Wide-eyed Boy,Male,#deb59c,#613a1b,Hyur,Midlander,Child,50%(~49 inches),25%,2,4,Large,,5,4,4,,,,,
Phrontistery Chirurgeon,Male,#604938,#80704c,Hyur,Midlander,Adult,100%(~71.6 inches),25%,1,3,Large,,5,4,4,,,,,
Eulmoran Soldier,Male,#ddb69d,#f6c9d8,Hyur,Midlander,Adult,75%(~70.2 inches),50%,2,3,Large,,2,3,2,,,,,
Aranami,Male,#b28f70,#515151,Hyur,Midlander,Adult,75%(~70.2 inches),50%,4,3,Large,,2,3,3,,,,,
Yayake,Female,#f3dbc1,#ad8a9d,Lalafell,Dunesfolk,Adult,50%(~36.2 inches),,2,4,Large,,3,6,2,4,50%,50%,,
Monne,Female,#d39f84,#333333,Elezen,Wildwood,Adult,50%(~75.2 inches),,1,3,Large,,1,1,1,1,0%,0%,,
Crystal Exarch,Male,#e8c2ac,#9f362b,Miqo'te,Seeker of the Sun,Adult,0%(~62.7 inches),,1,1,Large,,1,1,1,,,,,Light
Flame Lieutenant,Male,#ebc4b0,#443b2e,Hyur,Midlander,Adult,50%(~68.9 inches),0%,1,1,Large,,1,1,1,,,,,
Ahldskyf,Male,#6c716d,#4a4130,Roegadyn,Sea Wolf,Adult,50%(~87.4 inches),50%,3,1,Large,,3,3,1,,,,,
Keitha,Female,#f0ccb6,#333333,Hyur,Midlander,Adult,50%(~64.6 inches),50%,1,1,Large,,1,1,1,,,50%,,
Ahlduwil,Male,#b7c8b3,#333333,Roegadyn,Sea Wolf,Adult,25%(~85.8 inches),50%,2,2,Large,,2,6,3,,,,,
Blessed Watchman,Male,#ebc4b0,#80704c,Hyur,Midlander,Adult,50%(~68.9 inches),75%,4,2,Large,,4,3,3,,,,,
Airship Crewman,Male,#c7d7b6,#a3936f,Roegadyn,Sea Wolf,Adult,50%(~87.4 inches),50%,1,1,Large,,1,3,2,,,,,
Hilda,Female,#e3c4a6,#4b3255,Hyur,Midlander,Adult,100%(~67.1 inches),50%,1,1,Large,,1,1,1,,,0%,,
Ihanashi,Male,#c5a184,#333333,Hyur,Midlander,Adult,75%(~70.2 inches),100%,1,5,Large,,5,4,2,,,,,
Katana-wielding Soldier,Male,#f6d0bb,#dec78d,Elezen,Wildwood,Adult,100%(~82.6 inches),,2,1,Large,,1,1,1,3,50%,,,
Tsuranuki,Male,#b5886d,#dedede,Hyur,Midlander,Adult,100%(~71.6 inches),100%,2,4,Large,,4,2,2,,,,,
Stalwart Temple Knight,Male,#e0b19c,#92645f,Elezen,Wildwood,Adult,50%(~79.5 inches),,4,2,Small,,5,1,1,1,50%,,,
Warin,Male,#a58568,#333333,Hyur,Midlander,Adult,50%(~68.9 inches),50%,1,3,Large,,6,5,2,,,,,
Disillusioned Lord,Male,#e1b19a,#7f7a62,Elezen,Wildwood,Adult,50%(~79.5 inches),,2,4,Small,,6,6,1,1,50%,,,
Gondelimbaud,Male,#ebc3ab,#727272,Elezen,Wildwood,Adult,100%(~82.6 inches),,4,4,Small,,6,6,3,1,50%,,,
Timorous Temple Knight,Male,#f0cbb3,#dd9b75,Elezen,Wildwood,Adult,50%(~79.5 inches),,2,3,Large,,3,5,4,1,50%,,,
Khanswys,Female,#8fa294,#515151,Roegadyn,Sea Wolf,Adult,50%(~81.7 inches),50%,2,4,Large,,3,3,4,,,50%,,
Imperial Soldier,Male,#e9c5ad,#515151,Hyur,Midlander,Adult,50%(~68.9 inches),25%,2,1,Small,,4,5,2,,,,,
Raya-O-Senna,Female,#ffdfc4,#a84210,Hyur,Midlander,Child,100%(~48.5 inches),50%,1,1,Large,,1,1,1,,,50%,,
Slafborn,Male,#72867d,#441524,Roegadyn,Sea Wolf,Adult,50%(~87.4 inches),50%,3,1,Large,,3,2,3,,,,,
Oracle of Light,Female,#efd0b5,#d5bc72,Hyur,Midlander,Adult,50%(~64.6 inches),50%,1,1,Large,,1,1,1,,,50%,,
Landenel,Male,#a88365,#80271e,Elezen,Wildwood,Adult,50%(~79.5 inches),,1,3,Small,,5,1,1,1,50%,,,
Worried Wood Wailer,Male,#ebc4b0,#443b2e,Hyur,Midlander,Adult,50%(~68.9 inches),0%,1,1,Large,,1,1,1,,,,,
Pauline,Female,#a78664,#333333,Elezen,Wildwood,Adult,50%(~75.2 inches),,1,2,Small,,1,6,1,1,50%,50%,,
Patrick,Male,#ebc7af,#dedede,Hyur,Midlander,Adult,50%(~68.9 inches),50%,1,1,Small,,1,5,2,,,,,
Count Edmont de Fortemps,Male,#e9d4bb,#333333,Elezen,Duskwight,Adult,50%(~79.5 inches),,1,1,Large,,1,1,1,1,50%,,,
Solus zos Galvus,Male,#f6d0bb,#572b27,Elezen,Wildwood,Adult,0%(~76.4 inches),,1,1,Large,,1,1,1,1,50%,,,
Panicked Knight,Male,#deb99d,#776c55,Elezen,Wildwood,Adult,50%(~79.5 inches),,1,6,Small,,4,1,2,1,75%,,,
Joellaut,Male,#e0bc9f,#9a4a20,Elezen,Wildwood,Adult,50%(~79.5 inches),,1,1,Small,,5,1,1,1,50%,,,
Gracine,Female,#9c9f9d,#967f54,Roegadyn,Sea Wolf,Adult,0%(~75.6 inches),50%,1,3,Large,,2,3,3,,,0%,,Light
Hirase,Male,#997e6d,#6b140e,Roegadyn,Hellsguard,Adult,50%(~87.4 inches),50%,1,2,Large,,2,6,1,,,,,
Shipwright,Male,#604c3e,#a17eb1,Hyur,Midlander,Adult,100%(~71.6 inches),50%,2,4,Large,,2,3,3,,,,,
Cotan,Female,#505650,#784a26,Au Ra,Xaela,Adult,100%(~62.4 inches),,3,3,Large,,1,5,2,,,50%,,
Ungust,Male,#b5886d,#121212,Hyur,Midlander,Adult,100%(~71.6 inches),100%,4,3,Small,,5,5,1,,,,,
Weeping Warbler,Female,#b8a8a6,#edd5a4,Au Ra,Xaela,Adult,50%(~60 inches),,3,2,Large,,3,5,1,,,50%,,
G'raha Tia,Male,#e8c2ac,#9f362b,Miqo'te,Seeker of the Sun,Adult,0%(~62.7 inches),,1,1,Large,,1,1,1,,,,,Light
Bernard,Male,#c5a184,#443b2e,Hyur,Midlander,Adult,75%(~70.2 inches),50%,2,4,Small,,5,4,3,,,,,
Styrnlona,Female,#bbc5c0,#ffe1a7,Roegadyn,Sea Wolf,Adult,50%(~81.7 inches),25%,1,5,Large,,1,6,3,,,75%,,
Drunken Stag,Male,#947f79,#4d2b11,Roegadyn,Hellsguard,Adult,100%(~90.7 inches),25%,3,2,Small,,3,4,3,,,,,
Serendipity,Female,#f9dac1,#a17eb1,Hyur,Midlander,Adult,50%(~64.6 inches),0%,3,4,Large,,2,1,2,,,100%,,Light
Sadu,Female,#2e3240,#e8dab4,Au Ra,Xaela,Adult,100%(~62.4 inches),,2,3,Large,,1,5,3,,,0%,,Light
Trembling Guard,Male,#f4d0ba,#bf9662,Hyur,Midlander,Adult,25%(~67.5 inches),75%,2,5,Large,,3,2,4,,,,,
Ourcen,Female,#cea48c,#727272,Hyur,Midlander,Adult,25%(~63.3 inches),50%,4,4,Large,,2,3,3,,,25%,,
Lowborn Youth,Male,#f0cbb3,#b06a30,Elezen,Wildwood,Adult,25%(~78 inches),,4,4,Large,,4,2,1,1,50%,,,
Dark Stranger,Male,#b28f6f,#515151,Hyur,Midlander,Adult,0%(~66.1 inches),50%,2,1,Large,,4,2,3,,,,,
Udutai,Male,#444255,#edd5a4,Au Ra,Xaela,Elderly,50%(~82.7 inches),50%,4,3,Small,,3,1,3,,,,,
Resistance Officer,Male,#ebc4b0,#ab9567,Hyur,Midlander,Adult,50%(~68.9 inches),50%,2,1,Large,,3,6,1,,,,,
Ocher Boulder,Male,#a08c78,#754828,Roegadyn,Hellsguard,Adult,0%(~84.1 inches),50%,1,1,Large,,3,2,1,,,,,Light
Yugiri,Female,#f6d4bd,#121212,Miqo'te,Seeker of the Sun,Adult,50%(~61.4 inches),,2,2,Large,,2,4,1,,,100%,,Dark
Rokka,Female,#d2b392,#222b26,Hyur,Midlander,Child,0%(~43.4 inches),25%,2,5,Large,,1,1,3,,,75%,,
Pawnil,Male,#e3c1ac,#d4aa88,Hyur,Highlander,Adult,50%(~75.8 inches),50%,1,1,Large,,1,1,1,,,,,
Estinien,Male,#d0a886,#c6d8e1,Elezen,Wildwood,Adult,50%(~79.5 inches),,1,2,Small,,3,5,2,1,50%,,,
Storm Sergeant (The Gift of Eternity),Male,#b7c8b3,#9c9c9c,Roegadyn,Sea Wolf,Adult,50%(~87.4 inches),50%,3,4,Small,,4,1,1,,,,,
Raganfrid,Male,#44352e,#dedede,Hyur,Midlander,Elderly,100%(~71.6 inches),50%,4,3,Large,,3,6,1,,,,,
Mournful Mother,Female,#f5d4bc,#8c4d17,Elezen,Wildwood,Elderly,50%(~75.2 inches),,3,4,Small,,1,4,4,1,50%,50%,,
Unsavory Character,Male,#c39f7f,#4c1915,Hyur,Midlander,Adult,100%(~71.6 inches),50%,2,2,Small,,6,4,3,,,,,
Bloeidin,Male,#92a384,#121212,Roegadyn,Sea Wolf,Adult,100%(~90.7 inches),50%,2,3,Small,,3,2,1,,,,,
Silent Conjurer,Female,#a78664,#333333,Elezen,Wildwood,Adult,50%(~75.2 inches),,3,5,Small,,3,2,4,1,50%,50%,,
Kajika,Male,#9f8162,#122c3b,Hyur,Midlander,Adult,50%(~68.9 inches),75%,2,3,Small,,1,1,4,,,,,
Abelie,Female,#f1ccb2,#dedede,Elezen,Wildwood,Adult,75%(~76.6 inches),,1,3,Large,,1,3,1,1,75%,50%,,
Idle Shipwright,Male,#dab192,#5b6e5b,Miqo'te,Seeker of the Sun,Adult,100%(~68.2 inches),,2,5,Large,,2,3,2,,,,,
Honami,Female,#dabc9b,#1c263a,Hyur,Midlander,Adult,50%(~64.6 inches),75%,4,3,Large,,4,1,4,,,50%,,
Quomonrentin,Male,#a58061,#333333,Elezen,Wildwood,Adult,50%(~79.5 inches),,3,1,Large,,1,3,3,1,50%,,,
Serious Sultansworn,Male,#9c716d,#413c31,Roegadyn,Hellsguard,Adult,50%(~87.4 inches),50%,1,1,Large,,1,1,1,,,,,
Notrelchamps,Male,#f0cbb3,#977d58,Elezen,Wildwood,Adult,100%(~82.6 inches),,2,3,Large,,5,5,2,1,50%,,,
Imperial Centurion,Male,#cda584,#444336,Elezen,Wildwood,Adult,50%(~79.5 inches),,1,2,Large,,4,1,1,1,50%,,,
Cornenne,Male,#846a55,#e6bfae,Hyur,Midlander,Adult,25%(~67.5 inches),50%,4,1,Small,,6,2,4,,,,,
Arrivals Attendant (Gridania),Female,#a78664,#4e4b3b,Elezen,Wildwood,Adult,50%(~75.2 inches),,1,4,Small,,4,2,2,1,50%,50%,,
Charline,Female,#d39f84,#333333,Elezen,Wildwood,Adult,50%(~75.2 inches),,1,3,Large,,1,1,1,1,0%,0%,,
Nero,Male,#f6d0bb,#f0c585,Elezen,Wildwood,Adult,50%(~79.5 inches),,1,1,Large,,1,1,1,1,75%,,,
Gerraldieux,Male,#ebc3ab,#92645f,Elezen,Wildwood,Adult,50%(~79.5 inches),,3,3,Large,,2,4,3,3,50%,,,
Garibald,Male,#917559,#dedede,Hyur,Highlander,Adult,100%(~78.8 inches),50%,1,1,Large,,1,1,1,,,,,
Agitated Man,Male,#868d88,#c3a66f,Roegadyn,Sea Wolf,Adult,50%(~87.4 inches),50%,1,1,Large,,1,1,1,,,,,
Hardyss,Female,#cea48c,#574d2e,Hyur,Highlander,Adult,50%(~71 inches),75%,4,5,Small,,1,2,1,,,25%,,
Yotsuyu,Female,#f9dac1,#333333,Hyur,Midlander,Adult,50%(~64.6 inches),50%,1,1,Large,,1,1,1,,,50%,,Dark
Modest Matron,Female,#ceaf8e,#2e3c2f,Hyur,Midlander,Elderly,50%(~64.6 inches),50%,4,1,Small,,5,2,2,,,50%,,
Rothe,Male,#cda98e,#5d436b,Hyur,Midlander,Adult,100%(~71.6 inches),50%,3,1,Large,,3,3,3,,,,,
Cymet,Female,#d7bdbb,#b3453e,Viera,Veena,Adult,0%(~70.4 inches),,1,2,Large,,3,3,3,,,0%,,Light
Lahabrea,Male,#f6d0bb,#fefefe,Hyur,Midlander,Adult,50%(~68.9 inches),50%,1,1,Large,,1,1,1,,,,,
Alphinaud,Male,#f6d0bb,#fefefe,Elezen,Wildwood,Child,50%(~56.6 inches),,1,1,Large,,1,1,1,1,50%,,,
House Borel Steward,Male,#c39b77,#a79f85,Elezen,Wildwood,Elderly,100%(~82.6 inches),,2,2,Large,,3,3,3,3,25%,,,
Pfrewahl,Male,#bdceb6,#5b6e5b,Roegadyn,Sea Wolf,Adult,25%(~85.8 inches),50%,3,2,Small,,2,5,1,,,,,
Brigie,Female,#cea785,#a08daa,Elezen,Wildwood,Adult,50%(~75.2 inches),,1,6,Small,,3,4,3,1,50%,50%,,Light
Ironworks Technologist,Male,#7c624a,#333333,Hyur,Midlander,Adult,50%(~68.9 inches),50%,2,3,Small,,4,4,2,,,,,
Euphoric Youth,Male,#dab89d,#4e2b0f,Hyur,Midlander,Adult,25%(~67.5 inches),50%,1,5,Large,,1,1,3,,,,,
Abylfarr,Male,#dfeaca,#e7c585,Roegadyn,Sea Wolf,Adult,50%(~87.4 inches),50%,1,1,Large,,1,1,1,,,,,
Liavinne,Female,#f6e0c8,#403626,Elezen,Duskwight,Adult,50%(~75.2 inches),,1,1,Large,,1,1,1,1,0%,0%,,
Edelstein,Male,#7d6756,#4b361b,Hyur,Highlander,Adult,50%(~75.8 inches),50%,2,3,Small,,2,5,3,,,,,
Ranger of Darkness,Female,#e3ba9d,#6e4d23,Miqo'te,Seeker of the Sun,Adult,50%(~61.4 inches),,1,1,Large,,1,1,1,,,50%,,
Monranguin,Male,#a58061,#333333,Elezen,Wildwood,Adult,100%(~82.6 inches),,2,5,Small,,6,4,4,1,50%,,,
Adala,Female,#88715e,#4b361b,Hyur,Highlander,Adult,75%(~72.4 inches),50%,2,1,Large,,1,2,2,,,75%,,
Rasho,Male,#614134,#222b26,Roegadyn,Hellsguard,Adult,50%(~87.4 inches),100%,1,1,Large,,1,1,1,,,,,
Hihibaru,Male,#bea781,#f9f5ea,Lalafell,Dunesfolk,Adult,50%(~36.2 inches),,2,3,Small,,3,1,1,1,50%,,,
Jantellot,Male,#dbb292,#776c55,Elezen,Wildwood,Adult,50%(~79.5 inches),,4,2,Small,,3,2,2,2,50%,,,
Bricelt,Male,#eec6ac,#dedede,Elezen,Wildwood,Adult,25%(~78 inches),,4,1,Small,,4,5,2,1,50%,,,
Beatin,Male,#ac876b,#f4e6d1,Elezen,Wildwood,Adult,75%(~81.1 inches),,3,6,Large,,2,3,1,1,0%,,,
Louis,Male,#c9a588,#4a4531,Hyur,Midlander,Adult,50%(~68.9 inches),50%,1,2,Large,,4,1,1,,,,,
Begrimed Townsman,Male,#a58568,#845968,Hyur,Midlander,Adult,50%(~68.9 inches),50%,2,2,Large,,5,2,1,,,,,
Kotokaze,Female,#ceac8e,#302237,Hyur,Midlander,Adult,50%(~64.6 inches),50%,1,3,Large,,3,3,3,,,100%,,Dark
Francel,Male,#e5c0a3,#b28b50,Elezen,Wildwood,Adult,50%(~79.5 inches),,1,1,Large,,1,1,1,1,75%,,,
Hihira,Female,#826248,#c4bb99,Lalafell,Dunesfolk,Adult,50%(~36.2 inches),,4,4,Small,,4,1,3,1,25%,50%,,
Serpent Runner,Male,#c5a184,#333333,Hyur,Midlander,Adult,50%(~68.9 inches),50%,4,6,Large,,2,2,1,,,,,
Momodi,Female,#eec9b4,#80271f,Lalafell,Dunesfolk,Adult,50%(~36.2 inches),,4,4,Large,,1,2,3,4,75%,25%,,Dark
Danyell,Male,#644534,#9c9c9c,Hyur,Midlander,Child,0%(~46.3 inches),0%,1,1,Large,,1,1,1,,,,,
Lyse,Female,#cea48c,#d5bc72,Hyur,Midlander,Adult,50%(~64.6 inches),50%,1,1,Large,,1,1,1,,,0%,,
Gallien,Male,#7d6756,#333333,Hyur,Highlander,Adult,50%(~75.8 inches),50%,2,1,Small,,3,5,4,,,,,
Halric,Male,#d0d0ce,#e8dab4,Au Ra,Xaela,Child,50%(~58.7 inches),100%,2,2,Large,,2,3,3,,,,,Light
Aokumo,Male,#876d5b,#4d4029,Hyur,Midlander,Adult,50%(~68.9 inches),25%,1,3,Large,,6,3,1,,,,,
Luciae,Female,#e4b89e,#776c55,Elezen,Wildwood,Adult,50%(~75.2 inches),,2,4,Large,,4,3,2,1,25%,50%,,Dark
Fandaniel,Male,#ffd3bb,#333333,Hyur,Midlander,Adult,0%(~66.1 inches),50%,1,1,Large,,1,1,1,,,,,Light
Fraeloef,Male,#b7c8b3,#6a5b41,Roegadyn,Sea Wolf,Adult,50%(~87.4 inches),50%,2,2,Large,,4,1,3,,,,,
Luquelot,Male,#d19a81,#727272,Elezen,Wildwood,Adult,50%(~79.5 inches),,2,3,Large,,1,1,2,2,0%,,,
Elmar,Male,#ebc4b0,#443b2e,Hyur,Midlander,Adult,50%(~68.9 inches),0%,1,1,Large,,1,1,1,,,,,
Minfilia,Female,#ceac8e,#d5bc72,Hyur,Midlander,Adult,50%(~64.6 inches),50%,1,1,Large,,1,1,1,,,50%,,
Ignace,Male,#f6d0bb,#946743,Elezen,Wildwood,Adult,50%(~79.5 inches),,3,5,Small,,4,4,4,1,50%,,,
Mergen,Female,#3e404c,#c8f5e2,Au Ra,Xaela,Adult,100%(~62.4 inches),,2,3,Large,,1,5,3,,,0%,,Light
Avere,Male,#ebc4b0,#443b2e,Hyur,Midlander,Adult,50%(~68.9 inches),0%,1,1,Large,,1,1,1,,,,,
Ryssfloh,Male,#a9be9d,#ffedcd,Roegadyn,Sea Wolf,Adult,50%(~87.4 inches),100%,1,3,Large,,3,4,3,,,,,
Osha Jaab,Female,#b6afaa,#999175,Miqo'te,Keeper of the Moon,Adult,50%(~61.4 inches),,1,1,Large,,1,1,1,,,50%,,
Eulmoran Aristocrat,Male,#856b57,#720e06,Hyur,Midlander,Adult,25%(~67.5 inches),25%,3,5,Small,,6,3,4,,,,,
Roseline,Female,#634f43,#958d70,Elezen,Wildwood,Adult,50%(~75.2 inches),,1,1,Large,,1,1,1,1,0%,0%,,
Cool-headed Conjurer,Female,#f0ccb6,#727272,Hyur,Midlander,Adult,50%(~64.6 inches),0%,1,1,Large,,1,1,1,,,0%,,
Diplomatic Ancient One,Male,#f6d0bb,#fefefe,Elezen,Wildwood,Adult,Custom,,1,1,Large,,1,1,1,0,50%,,,
Swozblaet,Male,#96a784,#7b538f,Roegadyn,Sea Wolf,Adult,50%(~87.4 inches),50%,1,1,Large,,3,3,1,,,,,
Eluned,Female,#caa887,#4b361b,Hyur,Midlander,Elderly,50%(~64.6 inches),50%,1,1,Large,,1,1,1,,,75%,,
Bujeg,Male,#908d96,#727272,Au Ra,Xaela,Adult,50%(~82.7 inches),0%,4,1,Large,,3,1,3,,,,,
1st Legion Centurion,Male,#efc3ae,#727272,Elezen,Wildwood,Adult,50%(~79.5 inches),,1,1,Large,,1,1,1,1,50%,,,
Tutumoko,Male,#947857,#4e4b3b,Lalafell,Dunesfolk,Adult,75%(~37.2 inches),,2,4,Large,,1,1,1,1,50%,,,
Knerl,Male,#c5a184,#333333,Hyur,Midlander,Adult,50%(~68.9 inches),50%,3,5,Small,,1,6,2,,,,,
Haldbroda,Male,#c7d7b6,#515151,Roegadyn,Sea Wolf,Adult,25%(~85.8 inches),75%,3,4,Small,,1,5,3,,,,,
Captive,Male,#ebc3ab,#dd9b75,Elezen,Wildwood,Adult,0%(~76.4 inches),,1,4,Large,,1,1,3,1,50%,,,
Mistrustful Merchant,Male,#7b5f48,#2f3b59,Hyur,Midlander,Adult,50%(~68.9 inches),75%,2,4,Small,,3,1,4,,,,,
Ysaudore,Female,#eecbaf,#dd9b75,Elezen,Wildwood,Adult,50%(~75.2 inches),,1,4,Large,,2,4,1,1,50%,50%,,Light
Glassy-eyed Resident,Male,#e9c5ad,#515151,Hyur,Midlander,Adult,75%(~70.2 inches),75%,3,3,Small,,6,5,1,,,,,
Ursandel,Male,#a58061,#9c9c9c,Elezen,Wildwood,Adult,50%(~79.5 inches),,4,4,Small,,4,4,3,1,50%,,,
Brume Rat,Male,#f6d0bb,#552813,Hyur,Midlander,Child,50%(~49 inches),50%,2,6,Large,,2,6,3,,,,,Light
House Fortemps Manservant,Male,#f0cbb3,#565242,Elezen,Wildwood,Adult,100%(~82.6 inches),,1,3,Large,,1,3,1,1,25%,,,
Miyama,Male,#e9c5ad,#423524,Hyur,Midlander,Adult,25%(~67.5 inches),50%,4,4,Small,,3,5,4,,,,,
Nymet,Female,#af866b,#443b2e,Viera,Veena,Adult,100%(~75.3 inches),,3,4,Small,,1,2,3,,,100%,,
Lothaire,Male,#a58061,#727272,Elezen,Wildwood,Adult,75%(~81.1 inches),,2,3,Large,,1,1,1,1,50%,,,
Ardent Scout,Female,#d1a78b,#552813,Hyur,Midlander,Adult,50%(~64.6 inches),50%,2,2,Large,,1,6,3,,,50%,,
Hien,Male,#cca386,#121212,Hyur,Midlander,Adult,50%(~68.9 inches),50%,1,2,Large,,4,1,1,,,,,
Syntgoht,Male,#725345,#5a4a31,Roegadyn,Hellsguard,Adult,50%(~87.4 inches),50%,3,3,Large,,4,6,3,,,,,
Coultenet,Male,#eec6ac,#9e9373,Elezen,Wildwood,Adult,100%(~82.6 inches),,4,3,Large,,2,4,1,3,50%,,,
Zuzumeda,Male,#a69876,#452420,Lalafell,Dunesfolk,Adult,75%(~37.2 inches),,1,2,Large,,1,5,2,1,50%,,,
Dependable Temple Knight,Male,#ebc7af,#dedede,Hyur,Midlander,Adult,50%(~68.9 inches),50%,2,2,Small,,2,2,2,,,,,
Tansui,Male,#b58c6e,#3b2744,Hyur,Midlander,Adult,100%(~71.6 inches),100%,1,3,Large,,3,5,1,,,,,
Gullible Gambler,Male,#7c624a,#443b2e,Hyur,Midlander,Adult,50%(~68.9 inches),50%,1,1,Large,,4,3,2,,,,,
Blessed Woman,Female,#6a7782,#3d4c72,Elezen,Duskwight,Adult,0%(~72.2 inches),,2,2,Large,,2,2,3,1,50%,50%,,Light
Arrivals Attendant (Limsa Lominsa),Female,#eec8ae,#e5c17a,Miqo'te,Seeker of the Sun,Adult,50%(~61.4 inches),,3,6,Small,,1,6,4,,,50%,,
Gosetsu,Male,#e59a72,#727272,Roegadyn,Hellsguard,Elderly,100%(~90.7 inches),50%,1,1,Large,,1,1,1,,,,,
Blue Jongleur,Female,#d1b092,#d5bc72,Hyur,Midlander,Adult,100%(~67.1 inches),0%,3,2,Large,,4,3,1,,,0%,,Dark
Isembard,Male,#96785b,#727272,Hyur,Midlander,Adult,50%(~68.9 inches),50%,1,5,Large,,4,3,4,,,,,
Qoyar,Female,#5a5e56,#386653,Au Ra,Xaela,Child,50%(~42.7 inches),,2,2,Large,,3,2,3,,,50%,,Light
Magnai,Male,#7e6155,#222b26,Au Ra,Xaela,Adult,100%(~85.4 inches),100%,2,3,Large,,3,4,3,,,,,Light
Bartholomew,Male,#876d5b,#f2c56d,Hyur,Midlander,Adult,50%(~68.9 inches),50%,2,4,Large,,6,4,2,,,,,
Starveling Child,Male,#a58568,#574d2e,Hyur,Midlander,Child,75%(~50.4 inches),50%,1,3,Small,,5,5,3,,,,,
Ilberd,Male,#5b4332,#b5a578,Hyur,Highlander,Adult,100%(~78.8 inches),25%,4,3,Small,,1,2,1,,,,,
Uimet,Female,#d8baac,#7b538f,Viera,Veena,Adult,75%(~74.1 inches),,1,4,Large,,3,3,3,,,25%,,
Dwarf Observer,Male,#996f53,#6e4d23,Lalafell,Dunesfolk,Adult,100%(~38.2 inches),,3,3,Large,,3,3,3,1,50%,,,
Sicard,Male,#b2846e,#85b9a4,Hyur,Midlander,Adult,100%(~71.6 inches),100%,1,3,Large,,4,3,3,,,,,Light
Temple Knight Gateguard,Male,#e0b09c,#9e9373,Elezen,Wildwood,Adult,100%(~82.6 inches),,2,1,Small,,3,2,2,1,50%,,,
Keiten,Male,#9c716b,#331e25,Roegadyn,Hellsguard,Adult,100%(~90.7 inches),50%,3,1,Large,,1,3,1,,,,,
Falkbryda,Female,#909f7e,#efda9d,Roegadyn,Sea Wolf,Adult,75%(~84.7 inches),25%,1,3,Large,,4,4,1,,,50%,,
Serpent Honor Guard,Male,#c9a788,#5c482d,Hyur,Midlander,Adult,100%(~71.6 inches),25%,2,5,Large,,1,6,1,,,,,
Bertennant,Male,#d19a81,#4e4b3b,Elezen,Wildwood,Adult,50%(~79.5 inches),,1,1,Large,,1,1,1,1,0%,,,
Kai-Shirr,Male,#c39281,#1f3563,Miqo'te,Seeker of the Sun,Adult,0%(~62.7 inches),,2,1,Large,,2,3,3,,,,,
Lilira,Female,#f0dbc1,#ffc89b,Lalafell,Plainsfolk,Adult,50%(~36.2 inches),,1,1,Large,,1,1,1,1,50%,50%,,
Aethelmaer,Male,#ebc4b0,#443b2e,Hyur,Midlander,Adult,50%(~68.9 inches),0%,1,1,Large,,1,1,1,,,,,
Theophilain,Male,#ac876b,#9e9373,Elezen,Wildwood,Adult,50%(~79.5 inches),,2,1,Large,,2,5,2,1,25%,,,
Alys,Female,#ceac8e,#cca65b,Hyur,Highlander,Adult,75%(~72.4 inches),100%,4,2,Large,,3,3,2,,,100%,,Dark
Crystarium Officer,Male,#876752,#dd9b75,Elezen,Wildwood,Adult,50%(~79.5 inches),,2,3,Large,,1,2,2,2,50%,,,
Eline Roaille,Female,#f9d7bf,#dd9b75,Elezen,Wildwood,Adult,50%(~75.2 inches),,1,2,Large,,4,6,1,1,100%,50%,,
Regula van Hydrus,Male,#f6d0bb,#1c2b25,Elezen,Wildwood,Adult,100%(~82.6 inches),,1,5,Large,,3,1,1,1,0%,,,
Fyrilsmyd,Male,#b7c8b3,#333333,Roegadyn,Sea Wolf,Adult,50%(~87.4 inches),50%,1,1,Large,,1,1,3,,,,,
Cid,Male,#f6d0bb,#fefefe,Hyur,Midlander,Adult,50%(~68.9 inches),50%,1,1,Large,,1,1,1,,,,,
Administrative Clerk,Male,#f6d0bb,#fefefe,Elezen,Wildwood,Adult,Custom,,1,1,Large,,1,1,1,0,50%,,,
Handeloup,Male,#edc7b0,#744b29,Elezen,Wildwood,Adult,100%(~82.6 inches),,3,6,Large,,2,1,2,1,75%,,,Light
Thierremont,Male,#cfa686,#5e3a1d,Elezen,Wildwood,Adult,100%(~82.6 inches),,4,1,Large,,4,6,2,1,50%,,,
Laniaitte,Male,#bdceb6,#515151,Roegadyn,Sea Wolf,Adult,50%(~87.4 inches),50%,2,4,Large,,1,1,2,,,,,
Steadfast Temple Knight,Male,#f5cfb9,#bda876,Elezen,Wildwood,Adult,50%(~79.5 inches),,4,5,Small,,3,2,1,1,25%,,,
Clemence,Female,#eecbb6,#d78848,Hyur,Midlander,Adult,0%(~62 inches),50%,1,2,Large,,2,2,3,,,100%,,Light
Brume Elder,Male,#d0a588,#d0ac8c,Elezen,Wildwood,Elderly,50%(~79.5 inches),,2,2,Small,,3,5,2,1,50%,,,
Honoroit,Male,#e2b89c,#793713,Elezen,Wildwood,Child,0%(~53.5 inches),,2,4,Small,,2,2,1,1,0%,,,Light
Voyne,Male,#e9c2b0,#727272,Hyur,Midlander,Adult,100%(~71.6 inches),50%,1,1,Large,,1,1,1,,,,,
Haribehrt,Male,#c0a085,#d5bc72,Hyur,Highlander,Adult,75%(~77.3 inches),50%,1,2,Large,,3,1,1,,,,,
Hedyn,Male,#e9c5ad,#4b265e,Hyur,Midlander,Adult,50%(~68.9 inches),75%,1,4,Large,,2,1,1,,,,,
Anxious Amaurotine,Male,#f6d0bb,#fefefe,Elezen,Wildwood,Adult,Custom,,1,1,Large,,1,1,1,0,50%,,,
Daidukul,Male,#1a2c3b,#ffeabe,Au Ra,Xaela,Adult,50%(~82.7 inches),100%,2,3,Large,,1,6,3,,,,,
Hastelot,Male,#816750,#4b361b,Hyur,Midlander,Adult,50%(~68.9 inches),50%,1,1,Large,,1,1,1,,,,,
Boorish Bowman,Male,#d0a886,#66512f,Elezen,Wildwood,Adult,75%(~81.1 inches),,4,4,Small,,4,1,1,1,25%,,,
Elidibus,Male,#ebc7af,#dedede,Hyur,Midlander,Adult,50%(~68.9 inches),50%,1,1,Large,,1,1,1,,,,,
Yugiri Mistwalker,Female,#f6d4bd,#121212,Miqo'te,Seeker of the Sun,Adult,50%(~61.4 inches),,2,2,Large,,2,4,1,,,100%,,Dark
Gagari,Female,#9a7556,#4d4029,Lalafell,Dunesfolk,Adult,50%(~36.2 inches),,3,2,Large,,3,6,3,1,50%,50%,,
Bernadette,Female,#cea785,#333333,Elezen,Wildwood,Adult,50%(~75.2 inches),,3,5,Small,,4,5,2,1,50%,50%,,
Carrilaut,Male,#eec6ac,#dedede,Elezen,Wildwood,Adult,50%(~79.5 inches),,4,1,Large,,5,2,1,1,50%,,,
Hulking Hunter,Male,#656e67,#d89f56,Roegadyn,Sea Wolf,Adult,50%(~87.4 inches),50%,2,5,Large,,3,5,3,,,,,
Watt,Male,#b2846e,#425170,Hyur,Midlander,Elderly,0%(~66.1 inches),50%,2,2,Small,,2,2,2,,,,,
Baldewyn,Male,#ab8c71,#5c2322,Hyur,Midlander,Adult,50%(~68.9 inches),100%,3,5,Large,,6,6,1,,,,,
Ele,Female,#9b785d,#121212,Hyur,Midlander,Child,0%(~43.4 inches),50%,2,4,Large,,4,4,3,,,0%,,Light
Refugee Leader,Female,#f6d4bd,#121212,Miqo'te,Seeker of the Sun,Adult,50%(~61.4 inches),,2,2,Large,,2,4,1,,,100%,,Dark
Filthy Fellow,Male,#c39f7f,#4c1915,Hyur,Midlander,Adult,100%(~71.6 inches),50%,2,2,Small,,6,4,3,,,,,
Vondia,Female,#555952,#7e9b44,Au Ra,Xaela,Adult,0%(~57.5 inches),,3,4,Large,,3,2,1,,,75%,,
Griseldis,Female,#815e49,#b86624,Hyur,Highlander,Adult,25%(~69.6 inches),75%,1,5,Large,,4,2,4,,,50%,,
Goudernoux,Male,#edc8b0,#333333,Elezen,Wildwood,Adult,50%(~79.5 inches),,2,5,Small,,1,1,1,1,50%,,,
Ahldfoet,Male,#96a784,#6a5b41,Roegadyn,Sea Wolf,Adult,75%(~89.1 inches),75%,1,3,Small,,2,6,3,,,,,
Noraxia,Male,#c9a588,#4a4531,Hyur,Midlander,Adult,50%(~68.9 inches),50%,1,2,Large,,4,1,1,,,,,
Swift,Male,#a58568,#2f3b59,Hyur,Midlander,Adult,100%(~71.6 inches),50%,2,5,Large,,6,2,1,,,,,
Sifrid,Male,#5f4231,#515151,Hyur,Highlander,Adult,50%(~75.8 inches),50%,3,3,Small,,1,2,2,,,,,
Temple Knight Squire,Male,#f0cbb3,#dec78d,Elezen,Wildwood,Adult,50%(~79.5 inches),,1,4,Small,,2,6,3,1,50%,,,
Emerissel,Male,#d0a886,#d08e55,Elezen,Wildwood,Adult,0%(~76.4 inches),,3,3,Large,,4,1,4,4,50%,,,
Galfrid,Male,#ebc4b0,#f2c56d,Hyur,Midlander,Adult,100%(~71.6 inches),100%,1,1,Large,,1,1,1,,,,,
Former Mayor,Male,#f6d0bb,#a84210,Hyur,Midlander,Adult,75%(~70.2 inches),50%,1,1,Large,,3,6,4,,,,,
Reconnaissance Party Knight,Male,#d0a588,#7d907e,Elezen,Wildwood,Adult,50%(~79.5 inches),,1,5,Small,,2,3,2,1,75%,,,
Taciturn Temple Knight,Female,#f0cbb1,#fbf5dc,Elezen,Wildwood,Adult,50%(~75.2 inches),,1,1,Large,,1,1,1,1,50%,50%,,
Emet-Selch,Male,#f6d0bb,#572b27,Elezen,Wildwood,Adult,0%(~76.4 inches),,1,1,Large,,1,1,1,1,50%,,,
Lancefer,Male,#cca282,#5e3a1d,Elezen,Wildwood,Adult,50%(~79.5 inches),,3,4,Large,,5,5,3,1,25%,,,
Delirious Youth,Male,#f4d0ba,#784a26,Hyur,Midlander,Adult,50%(~68.9 inches),50%,3,2,Large,,6,5,4,,,,,
Steadfast Guard,Male,#f4d0ba,#bf9662,Hyur,Midlander,Adult,25%(~67.5 inches),75%,2,5,Large,,3,2,4,,,,,
Fufulupa,Male,#ae8d6a,#4f6898,Lalafell,Dunesfolk,Adult,50%(~36.2 inches),,1,1,Large,,5,2,3,1,50%,,,
Zazawaka,Male,#a69371,#333333,Lalafell,Dunesfolk,Adult,50%(~36.2 inches),,3,2,Small,,1,1,2,1,50%,,,
Ewmond,Male,#c5a184,#515151,Hyur,Midlander,Adult,75%(~70.2 inches),50%,3,6,Large,,1,2,2,,,,,
Mitainie,Female,#a78664,#333333,Elezen,Wildwood,Adult,50%(~75.2 inches),,3,4,Small,,1,5,2,1,50%,50%,,
Fourchenault,Male,#be9973,#ffedd1,Elezen,Wildwood,Adult,50%(~79.5 inches),,3,2,Large,,1,3,1,1,50%,,,
Baidur,Male,#bfc1c1,#2a4e3f,Au Ra,Xaela,Adult,50%(~82.7 inches),100%,4,1,Small,,3,1,3,,,,,
Korutt,Male,#dab49a,#e5c17a,Lalafell,Dunesfolk,Adult,50%(~36.2 inches),,2,4,Large,,2,3,2,1,50%,,,
Medrod,Male,#c5a184,#42531f,Hyur,Midlander,Adult,75%(~70.2 inches),50%,1,4,Large,,6,1,1,,,,,
Estaine,Female,#a4835e,#dd9b75,Elezen,Wildwood,Adult,50%(~75.2 inches),,4,6,Large,,4,3,2,1,75%,0%,,Light
Yda,Female,#cea48c,#d5bc72,Hyur,Midlander,Adult,50%(~64.6 inches),50%,1,1,Large,,1,1,1,,,0%,,
The Griffin,Male,#5b4332,#b5a578,Hyur,Highlander,Adult,100%(~78.8 inches),25%,4,3,Small,,1,2,1,,,,,
Hooded Lalafell,Male,#ebc4b0,#443b2e,Hyur,Midlander,Adult,50%(~68.9 inches),0%,1,1,Large,,1,1,1,,,,,
Dadanen,Male,#7e5742,#515151,Lalafell,Dunesfolk,Adult,50%(~36.2 inches),,4,3,Small,,5,1,3,1,25%,,,
Knight of Darkness,Male,#a6bdb0,#595140,Roegadyn,Sea Wolf,Adult,100%(~90.7 inches),50%,1,1,Large,,1,1,1,,,,,
Pipin,Male,#a69371,#80704c,Lalafell,Dunesfolk,Adult,50%(~36.2 inches),,4,3,Large,,4,4,1,1,100%,,,
Tataru,Female,#ddae9a,#966670,Lalafell,Dunesfolk,Adult,25%(~35.2 inches),,2,3,Large,,1,3,1,1,50%,50%,,Dark
Tourcenet,Male,#eec6ac,#1b3b49,Elezen,Wildwood,Adult,50%(~79.5 inches),,2,4,Large,,2,4,2,1,50%,,,
Ryne,Female,#f0ccb6,#ce6835,Hyur,Midlander,Adult,Custom,0%,1,1,Large,,1,1,1,,,0%,,
3rd Legion Centurion,Male,#e2b89c,#515151,Elezen,Wildwood,Adult,50%(~79.5 inches),,1,3,Small,,1,1,1,1,50%,,,
Ombeline,Female,#d39f84,#c07046,Elezen,Wildwood,Adult,50%(~75.2 inches),,3,5,Large,,4,5,3,1,50%,50%,,
Riqi-Tio,Female,#cfac87,#e9d495,Miqo'te,Seeker of the Sun,Child,Custom,,2,4,Large,,4,1,3,,,50%,,
Nervous Guard,Male,#f0cbb3,#681910,Elezen,Wildwood,Adult,50%(~79.5 inches),,3,5,Small,,6,4,3,1,75%,,,
Zephirin,Male,#f6d0bb,#bda876,Elezen,Wildwood,Adult,75%(~81.1 inches),,4,5,Large,,3,4,1,1,50%,,,Light
Yusui,Male,#b4a290,#6a4f2c,Roegadyn,Hellsguard,Adult,50%(~87.4 inches),50%,3,1,Small,,2,3,4,,,,,
Ume,Female,#ceac8e,#4b361b,Hyur,Midlander,Adult,50%(~64.6 inches),50%,1,5,Large,,4,1,1,,,50%,,Light
Forlemort,Male,#efc6ae,#dedede,Elezen,Wildwood,Adult,50%(~79.5 inches),,3,1,Small,,5,3,2,1,50%,,,
Iliud,Male,#ebc4b0,#bfbfbf,Hyur,Midlander,Elderly,25%(~67.5 inches),100%,1,1,Large,,1,1,1,,,,,
Bow-wielding Sentinel,Female,#e8cab0,#720e06,Viera,Veena,Adult,100%(~75.3 inches),,2,3,Large,,3,5,3,,,100%,,Light
Eybor,Male,,#dcdcdc,Hrothgar,The Lost,Adult,50%(~80.5 inches),,2,2,Large,,1,3,1,,,,,
Inquisition Guard,Male,#ebc3ab,#dd9b75,Elezen,Wildwood,Adult,50%(~79.5 inches),,4,4,Large,,6,3,4,1,50%,,,
Hremfing,Male,#5f4231,#6e6037,Hyur,Highlander,Adult,50%(~75.8 inches),50%,3,4,Small,,2,4,3,,,,,
Fordola,Female,#caa887,#ce6835,Hyur,Highlander,Adult,50%(~71 inches),50%,1,2,Small,,1,1,2,,,50%,,Dark
Highlander Engineer,Male,#be9f81,#515151,Hyur,Highlander,Adult,50%(~75.8 inches),50%,1,1,Large,,1,1,1,,,,,
Suspicious Merchant,Male,#c69a81,#eca76f,Lalafell,Plainsfolk,Adult,50%(~36.2 inches),,3,1,Small,,2,5,1,1,75%,,,
Wedge,Male,#c4a384,#4e2b0f,Lalafell,Plainsfolk,Adult,50%(~36.2 inches),,1,1,Large,,1,1,1,1,50%,,,
Mowen,Female,#88715e,#4e2b0f,Hyur,Midlander,Adult,50%(~64.6 inches),50%,3,4,Large,,1,1,3,,,100%,,Dark
Debt Collector,Male,#a69371,#515151,Lalafell,Dunesfolk,Adult,50%(~36.2 inches),,3,1,Small,,3,2,3,1,25%,,,
Nabriales,Male,#ebc7af,#98692c,Hyur,Midlander,Adult,75%(~70.2 inches),50%,4,2,Large,,1,1,3,,,,,
House Fortemps Steward,Male,#e2bda1,#9c9c9c,Elezen,Wildwood,Adult,0%(~76.4 inches),,2,4,Small,,1,2,2,1,50%,,,
Chai-Nuzz,Male,#e8c0a7,#684058,Miqo'te,Seeker of the Sun,Adult,75%(~66.8 inches),,1,1,Large,,1,1,1,,,,,
Katherine,Female,#9a7b5e,#423524,Hyur,Midlander,Adult,25%(~63.3 inches),50%,2,2,Large,,2,3,4,,,50%,,
Shihoji,Male,#c9a588,#4a4531,Hyur,Midlander,Elderly,50%(~68.9 inches),50%,1,3,Large,,3,1,1,,,,,
Storm Lieutenant,Male,#c7d7b6,#515151,Roegadyn,Sea Wolf,Adult,50%(~87.4 inches),25%,3,3,Large,,4,3,2,,,,,
Merilda,Female,#caa887,#4d4029,Hyur,Midlander,Adult,0%(~62 inches),75%,3,2,Large,,4,1,1,,,75%,,
Papashan,Male,#a08865,#f8e9ca,Lalafell,Dunesfolk,Adult,100%(~38.2 inches),,2,2,Small,,4,5,4,1,25%,,,
Suspicious Man,Male,#5f4c43,#333333,Hyur,Midlander,Adult,50%(~68.9 inches),75%,1,1,Large,,1,1,1,,,,,
Reyner,Male,#ac8c73,#333333,Hyur,Midlander,Adult,50%(~68.9 inches),50%,1,6,Large,,1,2,1,,,,,
Aylmer,Male,#ebc7af,#4c1915,Hyur,Midlander,Adult,25%(~67.5 inches),50%,2,3,Small,,1,3,4,,,,,
Tense Temple Knight,Male,#cca282,#333333,Elezen,Wildwood,Adult,0%(~76.4 inches),,3,5,Large,,3,6,3,1,50%,,,
Fromelaut,Male,#d0a282,#413c31,Elezen,Wildwood,Adult,25%(~78 inches),,2,2,Small,,2,2,2,1,50%,,,
Arkil,Male,#deb59c,#613a1b,Hyur,Midlander,Child,50%(~49 inches),25%,2,4,Large,,5,4,4,,,,,
Adelphel,Male,#f5cfb9,#793713,Elezen,Wildwood,Adult,75%(~81.1 inches),,2,6,Small,,3,3,2,1,25%,,,
Hathenbet,Male,#634a38,#bda876,Elezen,Wildwood,Adult,50%(~79.5 inches),,1,4,Large,,6,3,2,1,50%,,,
Grimold,Male,#ebc7af,#6d381e,Hyur,Midlander,Adult,100%(~71.6 inches),50%,3,5,Large,,3,3,2,,,,,
Jeryk,Male,#c39f7f,#f2c56d,Hyur,Midlander,Adult,0%(~66.1 inches),50%,2,5,Large,,1,3,3,,,,,Light
Temple Knight Guard,Male,#ebc3ab,#b28b50,Elezen,Wildwood,Adult,50%(~79.5 inches),,3,4,Small,,2,5,2,1,50%,,,Dark
Pierriquet,Male,#886a56,#515151,Elezen,Wildwood,Adult,50%(~79.5 inches),,2,2,Large,,1,1,2,1,25%,,,
Athelyna,Female,#ceac8e,#cca65b,Hyur,Midlander,Adult,50%(~64.6 inches),0%,1,1,Large,,1,1,1,,,50%,,
Storm Runner,Male,#bdceb6,#515151,Roegadyn,Sea Wolf,Adult,25%(~85.8 inches),50%,3,4,Large,,4,3,2,,,,,
Nicia,Female,#eecdb3,#333333,Hyur,Midlander,Adult,25%(~63.3 inches),25%,3,2,Small,,4,1,1,,,50%,,
Aideen,Female,#caa887,#443b2e,Hyur,Midlander,Adult,50%(~64.6 inches),50%,2,1,Large,,5,1,1,,,75%,,
Ourdilic,Female,#efd0b5,#dedede,Hyur,Midlander,Adult,75%(~65.8 inches),75%,4,2,Small,,1,2,1,,,75%,,
Tristol,Male,#cca386,#8a7f58,Hyur,Midlander,Adult,0%(~66.1 inches),50%,2,2,Large,,2,6,3,,,,,
Auriaune,Female,#dab692,#dd9b75,Elezen,Wildwood,Adult,100%(~78.1 inches),,1,2,Large,,4,6,2,1,0%,50%,,Dark
Crystarium Medic,Male,#deb59c,#415440,Hyur,Midlander,Adult,50%(~68.9 inches),50%,1,2,Large,,1,3,1,,,,,Light
Theyler,Male,#a7886b,#552813,Hyur,Midlander,Adult,50%(~68.9 inches),50%,4,3,Small,,1,2,2,,,,,
Wilred,Male,#7e5b47,#eca76f,Hyur,Midlander,Adult,75%(~70.2 inches),100%,1,1,Large,,5,2,1,,,,,
Mistreated Merchant,Male,#f0cbb3,#b28b50,Elezen,Wildwood,Adult,50%(~79.5 inches),,1,6,Large,,4,3,4,1,50%,,,
E-Sumi-Yan,Male,#ebc7b1,#ffe9be,Hyur,Midlander,Child,100%(~51.8 inches),50%,4,3,Small,,5,3,4,,,,,
Laurentius,Male,#c5a184,#423524,Hyur,Midlander,Adult,50%(~68.9 inches),50%,3,1,Large,,3,2,3,,,,,
Katana-bearing Centurion,Male,#cda584,#9a4a20,Elezen,Wildwood,Adult,100%(~82.6 inches),,1,5,Large,,4,4,1,1,50%,,,
Bloisirant,Male,#eec9b1,#dedede,Elezen,Wildwood,Adult,50%(~79.5 inches),,1,4,Small,,6,5,3,1,50%,,,
Cerigg,Male,#997a5d,#eca76f,Hyur,Midlander,Adult,50%(~68.9 inches),50%,2,1,Large,,3,4,2,,,,,
Chambui,Female,#ceb7b1,#42531f,Au Ra,Xaela,Adult,0%(~57.5 inches),,3,2,Large,,1,5,3,,,50%,,Light
Surviving Squire,Male,#ebc3ab,#d08e55,Elezen,Wildwood,Adult,50%(~79.5 inches),,3,2,Large,,1,2,2,1,75%,,,
Hughoc,Male,#5b4535,#333333,Hyur,Highlander,Adult,50%(~75.8 inches),75%,4,2,Large,,4,3,3,,,,,
Marielle,Female,#e3c4a6,#6d5a36,Hyur,Midlander,Adult,50%(~64.6 inches),50%,1,2,Large,,2,3,3,,,50%,,Light
