folder,alternativeMeasure,game,series,group,lines,words,sentences,syllables,FleschKincaidReadability,FleschReadability,DaleChallReadability,numCharacters
../data/ElderScrolls/Morrowind/,False,The Elder Scrolls III: Morrowind,The Elder Scrolls,TOTAL,9006,173666,26847,215812,1.5964787315016142,95.13815272706299,7.332633587742903,364
../data/ElderScrolls/Morrowind/,False,The Elder Scrolls III: Morrowind,The Elder Scrolls,playerChoice,3055,8773,4019,11840,1.1865488349013127,90.44360891005387,10.256593550800686,1
../data/ElderScrolls/Morrowind/,False,The Elder Scrolls III: Morrowind,The Elder Scrolls,male,3851,110139,14993,136970,1.9495530708405973,94.16934608145857,7.244910245449699,237
../data/ElderScrolls/Morrowind/,False,The Elder Scrolls III: Morrowind,The Elder Scrolls,female,2097,54693,7822,66933,1.5777352773978297,96.20488933053264,7.120642102192109,125
../data/ElderScrolls/Morrowind/,False,The Elder Scrolls III: Morrowind,The Elder Scrolls,neutral,3,61,10,69,0.1365409836065563,104.94841803278692,6.527584590163934,1
../data/ElderScrolls/Oblivion/,False,The Elder Scrolls IV: Oblivion,The Elder Scrolls,TOTAL,62194,777177,167582,933310,0.38925278366985516,100.53190616705703,6.574492198907557,1094
../data/ElderScrolls/Oblivion/,False,The Elder Scrolls IV: Oblivion,The Elder Scrolls,male,35928,460233,98371,552616,0.4032569770823784,100.50444134869615,6.568754068863471,694
../data/ElderScrolls/Oblivion/,False,The Elder Scrolls IV: Oblivion,The Elder Scrolls,female,26266,316944,69210,380694,0.3694346713979364,100.57044136221332,6.582890304487833,399
../data/ElderScrolls/Oblivion/,False,The Elder Scrolls IV: Oblivion,The Elder Scrolls,GenericMale,18229,195378,44341,234869,0.31353001563385163,100.6627745006927,6.672355440968575,14
../data/ElderScrolls/Oblivion/,False,The Elder Scrolls IV: Oblivion,The Elder Scrolls,GenericFemale,16611,170375,39641,204998,0.28415407147823757,100.6804713256651,6.674593843616968,13
../data/ElderScrolls/Daggerfall/,False,The Elder Scrolls II: Daggerfall,The Elder Scrolls,TOTAL,1757,43855,6342,52791,1.3112506106441995,97.97796485722192,6.224397328216128,353
../data/ElderScrolls/Daggerfall/,False,The Elder Scrolls II: Daggerfall,The Elder Scrolls,playerChoice,550,550,549,550,-3.399289617486337,121.21815118397086,0.0496903460837887,1
../data/ElderScrolls/Daggerfall/,False,The Elder Scrolls II: Daggerfall,The Elder Scrolls,random,453,17593,2389,21262,1.5429024372469016,97.11713525088474,6.2320901907216655,154
../data/ElderScrolls/Daggerfall/,False,The Elder Scrolls II: Daggerfall,The Elder Scrolls,female,117,5044,623,6199,2.069582397215898,94.64512189362821,6.570612571998835,45
../data/ElderScrolls/Daggerfall/,False,The Elder Scrolls II: Daggerfall,The Elder Scrolls,male,557,18756,2486,22580,1.5582143260951877,97.32881168709845,6.2887984551749545,152
../data/ElderScrolls/Daggerfall/,False,The Elder Scrolls II: Daggerfall,The Elder Scrolls,neutral,80,1912,293,2200,0.5323887928941708,102.86842253702146,5.900886151770031,1
../data/ElderScrolls/Skyrim/,False,The Elder Scrolls V: Skyrim,The Elder Scrolls,TOTAL,7619,150041,29832,181540,0.6487617179019622,99.3694435321104,6.586685059280721,379
../data/ElderScrolls/Skyrim/,False,The Elder Scrolls V: Skyrim,The Elder Scrolls,playerChoice,2433,16209,4491,18963,-0.3775186352716524,104.19762885014894,6.237254540903634,1
../data/ElderScrolls/Skyrim/,False,The Elder Scrolls V: Skyrim,The Elder Scrolls,male,3587,92905,17587,112770,0.7932948073808515,98.78394580372526,6.66136306531359,265
../data/ElderScrolls/Skyrim/,False,The Elder Scrolls V: Skyrim,The Elder Scrolls,female,1576,40840,7713,49699,0.8346853627307702,98.50921359984345,6.557989542091128,104
../data/ElderScrolls/Skyrim/,False,The Elder Scrolls V: Skyrim,The Elder Scrolls,neutral,23,87,39,108,-0.0717241379310316,99.55007957559683,11.732893280282937,9
../data/BaldursGate/BaldursGate3/,True,Baldur's Gate 3,Baldur's Gate,TOTAL,135072,1838464,415410,2242943,0.5321165433114832,99.13017508217447,6.743642516722233,2047
../data/BaldursGate/BaldursGate3/,True,Baldur's Gate 3,Baldur's Gate,male,20673,299387,61629,362892,0.6075554662417133,99.35916227373932,6.469360088929034,23
../data/BaldursGate/BaldursGate3/,True,Baldur's Gate 3,Baldur's Gate,female,28517,410759,86725,499582,0.6088178231590895,99.1336143201922,6.643443697081225,15
../data/BaldursGate/BaldursGate3/,True,Baldur's Gate 3,Baldur's Gate,neutral,0,NA,NA,NA,NA,NA,NA,0
../data/BaldursGate/BaldursGate3/,True,Baldur's Gate 3,Baldur's Gate,cut,0,NA,NA,NA,NA,NA,NA,0
../data/Tales/TalesOfVesperia/,True,Tales of Vesperia,Tales,TOTAL,32029,292007,87900,345241,-0.34322038525982634,103.44022743364292,6.5052997584716055,373
../data/Tales/TalesOfVesperia/,True,Tales of Vesperia,Tales,male,19626,181055,53223,213148,-0.3716754275666254,103.78633611059038,6.60496714139012,278
../data/Tales/TalesOfVesperia/,True,Tales of Vesperia,Tales,female,12260,109557,34273,130453,-0.2926919876697447,102.85454579046036,6.342620466638734,76
../data/Tales/TalesOfVesperia/,True,Tales of Vesperia,Tales,neutral,143,1395,403,1640,-0.36759856630824395,103.86347394540944,6.377604494072235,19
../data/FinalFantasy/FFV/,False,Final Fantasy V,Final Fantasy,TOTAL,1681,12408,3563,14432,-0.5070184500669814,104.90030451866407,6.545247032425278,76
../data/FinalFantasy/FFV/,False,Final Fantasy V,Final Fantasy,male,1099,8693,2385,10156,-0.3826064461610468,104.29759376215618,6.511012377866864,47
../data/FinalFantasy/FFV/,False,Final Fantasy V,Final Fantasy,female,538,3209,1084,3695,-0.8483716950366773,106.41767332335604,6.6126406680243175,13
../data/FinalFantasy/FFV/,False,Final Fantasy V,Final Fantasy,neutral,44,506,93,581,0.0809473415784776,104.17300119002083,6.777275757575757,16
../data/FinalFantasy/FFX/,True,Final Fantasy X,Final Fantasy,TOTAL,2818,28059,8429,32514,-0.6182262739753188,105.42404159246823,6.736315345991177,93
../data/FinalFantasy/FFX/,True,Final Fantasy X,Final Fantasy,male,1747,16791,5093,19350,-0.7058612912214421,105.9953687789113,6.7321447400441015,32
../data/FinalFantasy/FFX/,True,Final Fantasy X,Final Fantasy,female,841,8955,2688,10471,-0.4930928389467155,104.53154463724874,6.619431747028795,10
../data/FinalFantasy/FFX/,True,Final Fantasy X,Final Fantasy,neutral,45,522,159,609,-0.5429559748427657,104.80273584905662,6.945238118990819,3
../data/FinalFantasy/FFX_B/,False,Final Fantasy X,Final Fantasy,TOTAL,7092,84290,20677,99553,-0.06344969484801943,102.77820827364687,6.649760746658347,629
../data/FinalFantasy/FFX_B/,False,Final Fantasy X,Final Fantasy,male,4864,56003,13893,66096,-0.09127574191827215,102.89668934884298,6.718805212102529,368
../data/FinalFantasy/FFX_B/,False,Final Fantasy X,Final Fantasy,female,2119,26634,6466,31490,-0.03214158377108056,102.6295742117066,6.494408750957318,204
../data/FinalFantasy/FFX_B/,False,Final Fantasy X,Final Fantasy,neutral,109,1653,317,1967,0.4851596084740297,100.87185387050789,6.827704780906907,57
../data/FinalFantasy/FFX2/,False,Final Fantasy X-2,Final Fantasy,TOTAL,3199,31635,8234,37527,-0.09387832004434493,102.57867359378992,6.77442987185823,117
../data/FinalFantasy/FFX2/,False,Final Fantasy X-2,Final Fantasy,male,1258,16315,3716,19587,0.28879406197352075,100.81200055825387,7.097435742003419,89
../data/FinalFantasy/FFX2/,False,Final Fantasy X-2,Final Fantasy,female,1936,15294,4506,17909,-0.448696356560113,104.32486239088043,6.423094464222499,26
../data/FinalFantasy/FFX2/,False,Final Fantasy X-2,Final Fantasy,genderless,4,25,10,29,-0.9269999999999996,106.16150000000003,15.129299999999999,1
../data/FinalFantasy/FFX2/,False,Final Fantasy X-2,Final Fantasy,neutral,1,1,1,2,8.400000000000002,36.62000000000003,0.0496,1
../data/FinalFantasy/FFVI_C/,True,Final Fantasy VI,Final Fantasy,TOTAL,2141,20696,9403,24858,-0.5586105109764965,102.98778470535582,6.823407311272287,125
../data/FinalFantasy/FFVI_C/,True,Final Fantasy VI,Final Fantasy,male,1263,11556,5363,13813,-0.6449864012531012,103.52470569083309,6.846447432457579,37
../data/FinalFantasy/FFVI_C/,True,Final Fantasy VI,Final Fantasy,female,344,2887,1618,3466,-0.7275827127530903,103.45704782810117,6.700325225307771,10
../data/FinalFantasy/FFVI_C/,True,Final Fantasy VI,Final Fantasy,neutral,67,1066,486,1291,-0.4439487642739657,102.15221033207483,7.196578593874258,9
../data/FinalFantasy/FFXV/,False,Final Fantasy XV,Final Fantasy,TOTAL,7805,74792,19124,87926,-0.1925872541300837,103.40908561794491,6.462921275236467,75
../data/FinalFantasy/FFXV/,False,Final Fantasy XV,Final Fantasy,male,6898,59815,16289,69863,-0.37565858790862094,104.29630954898506,6.410134274293885,47
../data/FinalFantasy/FFXV/,False,Final Fantasy XV,Final Fantasy,female,876,14524,2733,17504,0.7036756996482012,99.48295068646487,6.698455072548328,24
../data/FinalFantasy/FFXV/,False,Final Fantasy XV,Final Fantasy,neutral,3707,46625,4628,61181,3.8229507816971413,85.59780527121313,7.958986126225493,6
../data/FinalFantasy/FFVI_B/,True,Final Fantasy VI,Final Fantasy,TOTAL,3407,29389,12844,35444,-0.46647374916363304,102.48243474746637,6.846850253504683,132
../data/FinalFantasy/FFVI_B/,True,Final Fantasy VI,Final Fantasy,male,1599,13523,6326,16238,-0.5872276514463497,103.08018648635975,6.829770209592916,41
../data/FinalFantasy/FFVI_B/,True,Final Fantasy VI,Final Fantasy,female,421,3148,1814,3734,-0.9166281035963397,104.72529310361737,6.872550000490326,9
../data/FinalFantasy/FFVI_B/,True,Final Fantasy VI,Final Fantasy,neutral,69,708,350,851,-0.6177523809523784,103.09451186440678,7.34979981598063,14
../data/FinalFantasy/FFVI_B/,True,Final Fantasy VI,Final Fantasy,genderless,6,69,20,80,-0.5633405797101432,105.2462934782609,6.553706956521738,1
../data/FinalFantasy/FFXIV/,False,Final Fantasy XIV,Final Fantasy,TOTAL,20364,689360,107994,860743,1.633112579581697,94.72337810106163,6.935772454487245,1166
../data/FinalFantasy/FFXIV/,False,Final Fantasy XIV,Final Fantasy,playerChoice,536,3582,1351,4204,-0.7069430589083261,104.85340784232045,6.126369170757149,1
../data/FinalFantasy/FFXIV/,False,Final Fantasy XIV,Final Fantasy,male,12367,446516,68399,558313,1.7104014895948794,94.42714081856276,7.0067178031337445,771
../data/FinalFantasy/FFXIV/,False,Final Fantasy XIV,Final Fantasy,female,6893,224083,35402,279001,1.5705017719136727,95.07671507954223,6.803084705968773,277
../data/FinalFantasy/FFXIV/,False,Final Fantasy XIV,Final Fantasy,genderless,296,8516,1380,10445,1.2895702411828367,96.80826857543516,6.647797208460119,17
../data/FinalFantasy/FFXIV/,False,Final Fantasy XIV,Final Fantasy,neutral,272,6663,1461,8780,1.737776263597958,90.72650269455184,7.635431517303716,100
../data/FinalFantasy/FFIX/,True,Final Fantasy IX,Final Fantasy,TOTAL,6353,63794,22764,75522,-0.5277286100726588,103.83754532558888,6.499406823326027,149
../data/FinalFantasy/FFIX/,True,Final Fantasy IX,Final Fantasy,male,3839,38062,13533,44668,-0.6451170159653064,104.69719419459996,6.472523068465964,35
../data/FinalFantasy/FFIX/,True,Final Fantasy IX,Final Fantasy,female,1551,14736,5710,17538,-0.5397834931573264,103.5291527635955,6.445461323753401,22
../data/FinalFantasy/FFIX/,True,Final Fantasy IX,Final Fantasy,genderless,109,999,353,1168,-0.6900927556451624,105.0508095347472,5.657760295990041,2
../data/FinalFantasy/FFIX/,True,Final Fantasy IX,Final Fantasy,neutral,96,978,309,1138,-0.6251607203129002,105.18198493060932,7.716768616355948,22
../data/FinalFantasy/FFIII/,True,Final Fantasy III,Final Fantasy,TOTAL,1018,9801,3038,11546,-0.43089903933570994,103.89802974233326,6.793088104920572,65
../data/FinalFantasy/FFIII/,True,Final Fantasy III,Final Fantasy,male,328,2554,1004,2966,-0.8943844824304978,106.00571957276611,6.724071512540285,22
../data/FinalFantasy/FFIII/,True,Final Fantasy III,Final Fantasy,female,125,1100,418,1263,-1.0151387559808587,107.02776555023924,6.695353588516746,11
../data/FinalFantasy/FFIII/,True,Final Fantasy III,Final Fantasy,neutral,8,101,37,115,-1.0897618410489684,107.73759165105702,6.11694409954509,3
../data/FinalFantasy/FFVIII/,False,Final Fantasy VIII,Final Fantasy,TOTAL,4189,51368,18538,62746,-0.09562954479876318,100.68359845569232,6.7617684634812925,144
../data/FinalFantasy/FFVIII/,False,Final Fantasy VIII,Final Fantasy,male,2785,33147,12657,40511,-0.14713161600604963,100.78195449879354,6.718892863250391,93
../data/FinalFantasy/FFVIII/,False,Final Fantasy VIII,Final Fantasy,female,1310,15749,5397,18868,-0.315016987411358,102.5185763154295,6.593540259825502,28
../data/FinalFantasy/FFVIII/,False,Final Fantasy VIII,Final Fantasy,neutral,94,2472,483,3367,2.478274035659007,86.41036302237234,8.470219921003435,23
../data/FinalFantasy/FFVII_Remake/,False,Final Fantasy VII Remake,Final Fantasy,TOTAL,8897,86487,24793,102108,-0.2982606430584429,103.41413468275027,6.50645856153525,286
../data/FinalFantasy/FFVII_Remake/,False,Final Fantasy VII Remake,Final Fantasy,male,5622,54337,15285,64463,-0.20458482053707527,102.86107586295148,6.62548241263007,208
../data/FinalFantasy/FFVII_Remake/,False,Final Fantasy VII Remake,Final Fantasy,female,3268,32126,9491,37620,-0.45192577386639066,104.33154013143762,6.299255809289617,75
../data/FinalFantasy/FFVII_Remake/,False,Final Fantasy VII Remake,Final Fantasy,neutral,7,24,16,25,-2.713333333333331,117.1875,14.895483333333333,3
../data/FinalFantasy/FFI/,False,Final Fantasy,Final Fantasy,TOTAL,212,2763,544,3332,0.6208670176811246,99.65762038345468,6.522944656277278,112
../data/FinalFantasy/FFI/,False,Final Fantasy,Final Fantasy,male,117,1563,307,1869,0.5057427772949801,100.50466279455068,6.5358439960320185,58
../data/FinalFantasy/FFI/,False,Final Fantasy,Final Fantasy,female,41,464,98,559,0.47247888810696637,100.10816502463057,6.38957357494722,32
../data/FinalFantasy/FFI/,False,Final Fantasy,Final Fantasy,neutral,54,736,137,904,0.9986607426213912,97.47128371945416,6.584689777054903,22
../data/FinalFantasy/FFVI/,False,Final Fantasy VI,Final Fantasy,TOTAL,1520,14750,5902,17625,-0.5153303964757718,103.2085293695329,6.621927132888018,83
../data/FinalFantasy/FFVI/,False,Final Fantasy VI,Final Fantasy,male,1181,12003,4501,14379,-0.4141550715409341,102.78164481818895,6.679981703750172,65
../data/FinalFantasy/FFVI/,False,Final Fantasy VI,Final Fantasy,female,332,2672,1372,3154,-0.9018736579319491,104.99733716240989,6.345065647422356,13
../data/FinalFantasy/FFVI/,False,Final Fantasy VI,Final Fantasy,neutral,7,75,29,92,-0.10671264367816136,100.43400000000003,7.554375862068966,5
../data/FinalFantasy/FFIV_DS/,False,Final Fantasy IV,Final Fantasy,TOTAL,1737,17822,4745,20876,-0.3031154629571251,103.92554624758426,6.311523276974185,80
../data/FinalFantasy/FFIV_DS/,False,Final Fantasy IV,Final Fantasy,male,1480,15683,4082,18352,-0.2834497474038784,103.93779119385569,6.264580359678807,54
../data/FinalFantasy/FFIV_DS/,False,Final Fantasy IV,Final Fantasy,female,233,1864,594,2187,-0.5214191268912298,104.39011820638433,6.562173962081473,18
../data/FinalFantasy/FFIV_DS/,False,Final Fantasy IV,Final Fantasy,neutral,24,275,68,337,0.4475695187165787,99.05676604278078,7.339597326203208,8
../data/FinalFantasy/FFXIII-LR/,False,Lightning Returns: Final Fantasy XIII,Final Fantasy,TOTAL,2182,47916,8949,56301,0.36311921491171617,101.99587329074625,6.083267621701482,172
../data/FinalFantasy/FFXIII-LR/,False,Lightning Returns: Final Fantasy XIII,Final Fantasy,male,855,21702,3740,25739,0.6680754966273845,100.60801764173638,6.249666965542494,102
../data/FinalFantasy/FFXIII-LR/,False,Lightning Returns: Final Fantasy XIII,Final Fantasy,female,1317,26151,5192,30486,0.13040993808389878,103.09868468576538,5.94709747270784,65
../data/FinalFantasy/FFXIII-LR/,False,Lightning Returns: Final Fantasy XIII,Final Fantasy,neutral,10,63,17,76,0.09021475256769484,101.01638655462187,6.326660971055088,5
../data/FinalFantasy/FFXII_B/,False,Final Fantasy XII,Final Fantasy,TOTAL,5135,128742,23631,153068,0.5643533979140205,100.71996576473242,6.5441525962210765,1089
../data/FinalFantasy/FFXII_B/,False,Final Fantasy XII,Final Fantasy,male,3546,86946,16025,103277,0.5423873786706341,100.83761523004598,6.586312662091014,672
../data/FinalFantasy/FFXII_B/,False,Final Fantasy XII,Final Fantasy,female,1257,32526,5963,38735,0.589850983130729,100.54895857093659,6.357640903500834,299
../data/FinalFantasy/FFXII_B/,False,Final Fantasy XII,Final Fantasy,genderless,11,384,57,460,1.1727850877192996,98.65335526315789,7.589189035087719,2
../data/FinalFantasy/FFXII_B/,False,Final Fantasy XII,Final Fantasy,neutral,321,8886,1584,10596,0.6686039070652523,100.26078771765597,6.7703111677204175,116
../data/FinalFantasy/FFIX_B/,False,Final Fantasy IX,Final Fantasy,TOTAL,9579,99245,33791,117875,-0.4294966547312349,103.37303932979337,6.563106545140411,525
../data/FinalFantasy/FFIX_B/,False,Final Fantasy IX,Final Fantasy,male,6700,70452,23526,83526,-0.43232550981006135,103.4959470994398,6.581432326569315,350
../data/FinalFantasy/FFIX_B/,False,Final Fantasy IX,Final Fantasy,female,2475,24977,8820,29662,-0.4722185421472087,103.49202355039654,6.49218022915958,127
../data/FinalFantasy/FFIX_B/,False,Final Fantasy IX,Final Fantasy,genderless,200,1858,712,2199,-0.606613278746023,104.05961080840824,5.729060726164415,2
../data/FinalFantasy/FFIX_B/,False,Final Fantasy IX,Final Fantasy,neutral,204,1958,731,2488,0.44869939034359163,96.61640173464929,7.607985975946309,46
../data/FinalFantasy/FFXIII-2/,False,Final Fantasy XIII-2,Final Fantasy,TOTAL,4292,68922,13977,83323,0.5986962996123193,99.55307158976042,6.4880065282846395,207
../data/FinalFantasy/FFXIII-2/,False,Final Fantasy XIII-2,Final Fantasy,male,2538,40352,8203,48707,0.5717032287031039,99.72535821851699,6.545288409099763,132
../data/FinalFantasy/FFXIII-2/,False,Final Fantasy XIII-2,Final Fantasy,female,1747,28325,5733,34232,0.5976862822799021,99.57739924369052,6.374510949075581,71
../data/FinalFantasy/FFXIII-2/,False,Final Fantasy XIII-2,Final Fantasy,neutral,4,89,20,107,0.3320168539325863,100.60813764044944,7.405534606741573,3
../data/FinalFantasy/FFXIII-2/,False,Final Fantasy XIII-2,Final Fantasy,genderless,3,156,20,277,8.404564102564104,48.698769230769244,11.81716205128205,1
../data/FinalFantasy/FFIV_B/,True,Final Fantasy IV,Final Fantasy,TOTAL,1505,11774,4292,14331,-0.1574886258774466,101.07773567732845,7.227214091975448,76
../data/FinalFantasy/FFIV_B/,True,Final Fantasy IV,Final Fantasy,male,1158,8839,3315,10721,-0.23766148685970379,101.51560636879921,7.196855562276535,22
../data/FinalFantasy/FFIV_B/,True,Final Fantasy IV,Final Fantasy,female,187,1150,448,1418,-0.038970885093167595,99.91405298913045,7.388656211180124,12
../data/FinalFantasy/FFIV_B/,True,Final Fantasy IV,Final Fantasy,neutral,4,74,45,100,0.9972792792792795,90.84156456456459,9.906037417417418,1
../data/FinalFantasy/FFXIII/,False,Final Fantasy XIII,Final Fantasy,TOTAL,1025,12674,3037,14981,-0.01454397344122782,102.5997886798706,6.6217531676313,30
../data/FinalFantasy/FFXIII/,False,Final Fantasy XIII,Final Fantasy,male,553,7109,1656,8414,0.050348458577717636,102.3477001345678,6.6102888572898335,19
../data/FinalFantasy/FFXIII/,False,Final Fantasy XIII,Final Fantasy,female,459,5173,1320,6079,-0.19495985712528174,103.44041975891722,6.541399401671851,9
../data/FinalFantasy/FFXIII/,False,Final Fantasy XIII,Final Fantasy,neutral,13,392,60,488,1.6477959183673487,94.88529931972789,7.948333945578231,2
../data/FinalFantasy/FFXII/,True,Final Fantasy XII,Final Fantasy,TOTAL,1817,25785,6273,30698,0.061422829606595286,101.94342790468252,6.461329648325227,113
../data/FinalFantasy/FFXII/,True,Final Fantasy XII,Final Fantasy,male,1072,16107,3826,19166,0.0928787513236049,101.8949576918647,6.4421753746435195,30
../data/FinalFantasy/FFXII/,True,Final Fantasy XII,Final Fantasy,female,396,4960,1264,5814,-0.22792670477745958,103.68587893017559,6.260118798489179,9
../data/FinalFantasy/FFXII/,True,Final Fantasy XII,Final Fantasy,genderless,4,101,22,128,1.1549099909991014,94.95938568856887,7.30361503150315,1
../data/FinalFantasy/FFXII/,True,Final Fantasy XII,Final Fantasy,neutral,29,568,118,652,-0.1676414418715666,104.83796968250181,6.821977894485557,6
../data/FinalFantasy/FFII/,False,Final Fantasy II,Final Fantasy,TOTAL,800,8689,2040,10393,0.18523063812934737,101.3208885239733,6.691742856169283,119
../data/FinalFantasy/FFII/,False,Final Fantasy II,Final Fantasy,male,560,5848,1373,7001,0.19762641942564407,101.23196811081012,6.709833100652309,79
../data/FinalFantasy/FFII/,False,Final Fantasy II,Final Fantasy,female,211,2478,577,2959,0.1753808698522743,101.45440356943533,6.6595982639602855,22
../data/FinalFantasy/FFII/,False,Final Fantasy II,Final Fantasy,neutral,29,363,89,433,0.07615625096728174,101.78111895254901,6.6227129693255335,18
../data/FinalFantasy/FFVII/,False,Final Fantasy VII,Final Fantasy,TOTAL,8379,100584,43409,117973,-0.8463334935330131,105.25743994648761,6.390788153939179,437
../data/FinalFantasy/FFVII/,False,Final Fantasy VII,Final Fantasy,male,5842,71838,30540,84142,-0.8515826401260504,105.35765472337319,6.464406367832316,291
../data/FinalFantasy/FFVII/,False,Final Fantasy VII,Final Fantasy,female,2300,25102,11383,29191,-1.0077992953819113,106.21575369225529,6.105383648409998,81
../data/FinalFantasy/FFVII/,False,Final Fantasy VII,Final Fantasy,system,3,64,12,80,1.2400000000000002,95.67166666666668,6.121502083333334,2
../data/FinalFantasy/FFVII/,False,Final Fantasy VII,Final Fantasy,ambiguous,4,27,21,37,1.081798941798942,89.59666666666666,9.548419576719574,1
../data/FinalFantasy/FFVII/,False,Final Fantasy VII,Final Fantasy,neutral,230,3553,1450,4523,0.3871374380077057,96.6513618632142,6.904482360977124,62
../data/RogueState/RogueStateRevolution/,False,Rogue State: Revolution,Rogue State,TOTAL,159,3785,624,5160,2.862282859973581,85.34515209540022,7.262228194966636,6
../data/RogueState/RogueStateRevolution/,False,Rogue State: Revolution,Rogue State,male,82,1735,305,2424,3.1145188264751766,82.86495157556575,7.404281943591439,3
../data/RogueState/RogueStateRevolution/,False,Rogue State: Revolution,Rogue State,female,77,2050,318,2736,2.672833870225496,87.38171222580151,7.145058183770517,3
../data/RogueState/RogueStateRevolution/,False,Rogue State: Revolution,Rogue State,neutral,0,NA,NA,NA,NA,NA,NA,0
../data/SuperMarioRPG/SuperMarioRPG/,False,Super Mario RPG: Legend of the Seven Stars,Super Mario RPG,TOTAL,977,13755,4806,15911,-0.8242340681018927,106.06956383242323,6.504829781339302,105
../data/SuperMarioRPG/SuperMarioRPG/,False,Super Mario RPG: Legend of the Seven Stars,Super Mario RPG,male,671,9728,3347,11253,-0.8066564998800949,106.02268660048081,6.4426270380584345,48
../data/SuperMarioRPG/SuperMarioRPG/,False,Super Mario RPG: Legend of the Seven Stars,Super Mario RPG,female,129,1939,742,2239,-0.9451657146749444,106.49337309155665,6.559291989646481,11
../data/SuperMarioRPG/SuperMarioRPG/,False,Super Mario RPG: Legend of the Seven Stars,Super Mario RPG,neutral,177,2088,717,2419,-0.7836739126949759,105.86797720386672,6.745347971272383,46
../data/Test/Test/,True,Test,Test,TOTAL,10,10,9,10,-3.3566666666666656,121.10722222222225,16.32361111111111,10
../data/Test/Test/,True,Test,Test,male,3,3,2,3,-3.2049999999999983,120.7125,19.500899999999998,3
../data/Test/Test/,True,Test,Test,female,5,5,4,5,-3.3024999999999984,120.96625,19.4885,5
../data/Test/Test/,True,Test,Test,neutral,0,NA,NA,NA,NA,NA,NA,0
../data/DeathStranding/DeathStranding/,False,Death Stranding,Death Stranding,TOTAL,1562,46505,7188,57235,1.4558151792786589,96.14856350235077,6.966347460110589,62
../data/DeathStranding/DeathStranding/,False,Death Stranding,Death Stranding,male,0,NA,NA,NA,NA,NA,NA,0
../data/DeathStranding/DeathStranding/,False,Death Stranding,Death Stranding,female,0,NA,NA,NA,NA,NA,NA,0
../data/DeathStranding/DeathStranding/,False,Death Stranding,Death Stranding,neutral,0,NA,NA,NA,NA,NA,NA,0
../data/Hades/Hades/,True,Hades,Hades,TOTAL,20874,236985,58011,284936,0.1908025338557504,100.97077941681812,6.35255866268606,55
../data/Hades/Hades/,True,Hades,Hades,male,16148,174521,43932,209203,0.1042612806887746,101.39059904609832,6.353933273979186,19
../data/Hades/Hades/,True,Hades,Hades,female,4142,56686,12663,68377,0.38948599918705007,100.24332360813708,6.297536232441777,11
../data/Hades/Hades/,True,Hades,Hades,genderless,354,4873,950,6298,1.661141155885817,92.28920395195873,6.836357971075852,1
../data/Hades/Hades/,True,Hades,Hades,neutral,0,NA,NA,NA,NA,NA,NA,0
../data/Hades/Hades/,True,Hades,Hades,droppedMale,202,826,417,969,-0.9746248715313452,105.57822544869677,7.2330172063801745,16
../data/Hades/Hades/,True,Hades,Hades,droppedFemale,28,79,48,89,-1.6544541139240483,109.855618407173,7.315854852320675,8
../data/FireEmblem/FireEmblemThreeHouses/,True,Fire Emblem: Three Houses,Fire Emblem,TOTAL,51372,617131,148689,755538,0.4751318804117233,99.04860343669826,6.3070767417104605,164
../data/FireEmblem/FireEmblemThreeHouses/,True,Fire Emblem: Three Houses,Fire Emblem,male,27878,315819,75628,386501,0.47952561556545525,99.06246987228403,6.336927277641099,23
../data/FireEmblem/FireEmblemThreeHouses/,True,Fire Emblem: Three Houses,Fire Emblem,female,19345,245291,59735,299870,0.437048941460926,99.24298119712768,6.2239522688878965,25
../data/StarWarsKOTOR/StarWarsKOTOR/,False,Star Wars: Knights of the Old Republic,Star Wars: Knights of the Old Republic,TOTAL,27829,439667,86465,533550,0.712794360508429,99.00900110198099,6.540819141939428,642
../data/StarWarsKOTOR/StarWarsKOTOR/,False,Star Wars: Knights of the Old Republic,Star Wars: Knights of the Old Republic,playerChoice,9330,65510,18058,78087,-0.10974126062260225,102.31081675661723,6.52129666994759,1
../data/StarWarsKOTOR/StarWarsKOTOR/,False,Star Wars: Knights of the Old Republic,Star Wars: Knights of the Old Republic,male,12787,258877,46745,317269,1.0314411170196678,97.53158150463635,6.597068545003648,461
../data/StarWarsKOTOR/StarWarsKOTOR/,False,Star Wars: Knights of the Old Republic,Star Wars: Knights of the Old Republic,female,5050,103678,19371,123211,0.5204961222384412,100.86379615397333,6.2854414256785995,98
../data/StarWarsKOTOR/StarWarsKOTOR/,False,Star Wars: Knights of the Old Republic,Star Wars: Knights of the Old Republic,undefined,0,NA,NA,NA,NA,NA,NA,0
../data/StarWarsKOTOR/StarWarsKOTOR/,False,Star Wars: Knights of the Old Republic,Star Wars: Knights of the Old Republic,neutral,662,11602,2288,14983,1.6263138604629308,92.43440162610621,7.889270291835384,82
../data/Barbie/BarbieDiaries_HighSchoolMystery/,True,Barbie Diaries High School Mystery,Barbie,TOTAL,1803,20150,1849,24190,2.8259912876251274,94.2117655643786,6.6932429194507925,17
../data/Barbie/BarbieDiaries_HighSchoolMystery/,True,Barbie Diaries High School Mystery,Barbie,male,504,5318,511,6420,2.713952518088332,94.14097304579434,6.6883532158625325,7
../data/Barbie/BarbieDiaries_HighSchoolMystery/,True,Barbie Diaries High School Mystery,Barbie,female,1299,14832,1337,17770,2.873867838363596,94.21709500330405,6.695976055551925,10
../data/ChronoTrigger/ChronoTrigger/,False,Chrono Trigger,Chrono Trigger,TOTAL,4187,37982,13564,45226,-0.44740082603811615,103.25771596580827,6.967313255033142,226
../data/ChronoTrigger/ChronoTrigger/,False,Chrono Trigger,Chrono Trigger,male,2296,22110,7634,26514,-0.310067607990959,102.44417640641437,6.963149655834007,145
../data/ChronoTrigger/ChronoTrigger/,False,Chrono Trigger,Chrono Trigger,female,1638,13571,5021,15888,-0.721255118745173,105.04770680216265,6.8934232478119934,31
../data/ChronoTrigger/ChronoTrigger/,False,Chrono Trigger,Chrono Trigger,neutral,375,3311,1257,4045,-0.14683432458089385,100.80686427945516,7.587079381041522,51
../data/Horizon/HorizonForbiddenWest/,True,Horizon Forbidden West,Horizon,TOTAL,6861,117947,21985,142901,0.7988265269939028,98.89085313492525,6.725458910271426,179
../data/Horizon/HorizonForbiddenWest/,True,Horizon Forbidden West,Horizon,male,1913,33298,6132,39960,0.6886293665022709,99.79724708533513,6.659058643857204,65
../data/Horizon/HorizonForbiddenWest/,True,Horizon Forbidden West,Horizon,female,4662,81449,15078,98671,0.811772407149169,98.8638647764248,6.697037252198361,53
../data/Horizon/HorizonForbiddenWest/,True,Horizon Forbidden West,Horizon,neutral,0,NA,NA,NA,NA,NA,NA,0
../data/Horizon/HorizonForbiddenWest/,True,Horizon Forbidden West,Horizon,trans,15,315,54,374,0.695158730158731,100.46845238095241,5.780531746031746,1
../data/Horizon/HorizonZeroDawn/,False,Horizon Zero Dawn,Horizon,TOTAL,2864,50996,10946,62311,0.6451453600105381,98.73518564197174,6.678420450766537,156
../data/Horizon/HorizonZeroDawn/,False,Horizon Zero Dawn,Horizon,male,1334,28504,5689,34982,0.8457875608408099,97.92274045534596,6.760052987278136,103
../data/Horizon/HorizonZeroDawn/,False,Horizon Zero Dawn,Horizon,female,1528,22480,5254,27316,0.4171412392794789,99.69263811879648,6.578957883808574,51
../data/Horizon/HorizonZeroDawn/,False,Horizon Zero Dawn,Horizon,neutral,2,12,2,13,-0.4666666666666668,109.09500000000001,5.249933333333333,2
../data/Horizon/HorizonZeroDawn/,False,Horizon Zero Dawn,Horizon,trans,16,495,85,580,0.5074390968508631,101.79684491978611,6.82815513963161,1
../data/DiscoElysium/DiscoElysium/,True,Disco Elysium,Disco Elysium,TOTAL,88859,926528,233119,1153573,0.6516304605413872,97.46973026302705,6.635290580982031,296
../data/DiscoElysium/DiscoElysium/,True,Disco Elysium,Disco Elysium,male,0,NA,NA,NA,NA,NA,NA,0
../data/DiscoElysium/DiscoElysium/,True,Disco Elysium,Disco Elysium,female,0,NA,NA,NA,NA,NA,NA,0
../data/DiscoElysium/DiscoElysium/,True,Disco Elysium,Disco Elysium,neutral,0,NA,NA,NA,NA,NA,NA,0
../data/MonkeyIsland/MonkeyIsland2/,False,Monkey Island 2: LeChuck's Revenge,Monkey Island,TOTAL,872,9285,2696,10835,-0.47699963766899955,104.6165703603256,6.28168383244728,48
../data/MonkeyIsland/MonkeyIsland2/,False,Monkey Island 2: LeChuck's Revenge,Monkey Island,male,743,7454,2217,8670,-0.5537616660488354,105.02123889792746,6.313481169582702,34
../data/MonkeyIsland/MonkeyIsland2/,False,Monkey Island 2: LeChuck's Revenge,Monkey Island,female,112,1509,418,1803,-0.08307537549820587,102.08809765807072,6.033901646896927,8
../data/MonkeyIsland/MonkeyIsland2/,False,Monkey Island 2: LeChuck's Revenge,Monkey Island,neutral,17,322,60,362,-0.23116149068322933,106.27851656314701,6.746848157349897,6
../data/MonkeyIsland/TheSecretOfMonkeyIsland/,False,The Secret of Monkey Island,Monkey Island,TOTAL,1221,14619,4169,17362,-0.2083635511743207,102.80209245711794,6.338944175207707,47
../data/MonkeyIsland/TheSecretOfMonkeyIsland/,False,The Secret of Monkey Island,Monkey Island,male,1104,13106,3616,15556,-0.17060579647368002,102.74129245209923,6.315010548975069,37
../data/MonkeyIsland/TheSecretOfMonkeyIsland/,False,The Secret of Monkey Island,Monkey Island,female,79,1123,354,1339,-0.2831617036690446,102.74297064209568,6.099777435843256,3
../data/MonkeyIsland/TheSecretOfMonkeyIsland/,False,The Secret of Monkey Island,Monkey Island,neutral,38,390,198,467,-0.6920745920745919,103.53268065268067,7.904376456876457,7
../data/MonkeyIsland/ReturnToMonkeyIsland/,True,Return to Monkey Island,Monkey Island,TOTAL,11084,92275,21788,111984,0.38206027142071086,99.86664544474708,6.743092682481968,86
../data/MonkeyIsland/ReturnToMonkeyIsland/,True,Return to Monkey Island,Monkey Island,male,5165,41793,10052,50973,0.4234125315568882,99.43222557020485,6.667261882992017,32
../data/MonkeyIsland/ReturnToMonkeyIsland/,True,Return to Monkey Island,Monkey Island,female,1812,14869,3821,17926,0.15366928367112997,100.89185726152164,6.573568345863919,15
../data/MonkeyIsland/ReturnToMonkeyIsland/,True,Return to Monkey Island,Monkey Island,neutral,3777,35027,7275,42292,0.5351909030412187,99.80106488275074,6.796461766002996,6
../data/MonkeyIsland/TheCurseOfMonkeyIsland/,False,The Curse of Monkey Island,Monkey Island,TOTAL,2711,30577,8834,36917,0.006577122714185535,101.18037474862119,6.876119410482747,47
../data/MonkeyIsland/TheCurseOfMonkeyIsland/,False,The Curse of Monkey Island,Monkey Island,male,2565,28499,8295,34346,-0.02913507919791769,101.39081367959764,6.884682838007429,39
../data/MonkeyIsland/TheCurseOfMonkeyIsland/,False,The Curse of Monkey Island,Monkey Island,female,140,2036,530,2526,0.5480708010527504,97.97535711902734,6.750825704859694,4
../data/MonkeyIsland/TheCurseOfMonkeyIsland/,False,The Curse of Monkey Island,Monkey Island,neutral,6,42,9,45,-1.1271428571428554,111.45547619047619,7.251538095238095,4
../data/KingsQuest/KingsQuest1/,False,King's Quest I: Quest for the Crown,King's Quest,TOTAL,103,1396,276,1656,0.3803164320418606,101.34471242888584,6.387081666043768,12
../data/KingsQuest/KingsQuest1/,False,King's Quest I: Quest for the Crown,King's Quest,male,90,1236,250,1449,0.17165514563106932,102.63771378640779,6.436738581229773,9
../data/KingsQuest/KingsQuest1/,False,King's Quest I: Quest for the Crown,King's Quest,female,12,156,24,203,2.300128205128207,90.14903846153848,6.084476923076923,2
../data/KingsQuest/KingsQuest1/,False,King's Quest I: Quest for the Crown,King's Quest,neutral,1,4,1,4,-2.2299999999999986,118.17500000000001,0.1984,1
../data/KingsQuest/KingsQuest6/,False,King's Quest VI,King's Quest,TOTAL,4968,72074,12381,88630,1.1908808605489263,96.89301390556747,6.521341038530302,81
../data/KingsQuest/KingsQuest6/,False,King's Quest VI,King's Quest,male,4582,66597,11292,82198,1.2743745842859564,96.4304398691811,6.575749048633079,47
../data/KingsQuest/KingsQuest6/,False,King's Quest VI,King's Quest,female,288,4585,867,5388,0.3390652534026657,102.05079193599308,5.74814352189012,17
../data/KingsQuest/KingsQuest6/,False,King's Quest VI,King's Quest,neutral,98,892,222,1044,-0.21221064113440669,103.74056821395388,6.4910627519896575,17
../data/KingsQuest/KingsQuest8/,False,King's Quest VIII,King's Quest,TOTAL,1528,15880,4050,19181,0.19206931616755263,100.66926554093979,7.161994841558602,42
../data/KingsQuest/KingsQuest8/,False,King's Quest VIII,King's Quest,male,1311,13266,3362,16017,0.1958798780958677,100.68625582271973,7.126856873394461,26
../data/KingsQuest/KingsQuest8/,False,King's Quest VIII,King's Quest,female,167,2199,561,2657,0.1963791514373341,100.63622611639227,7.37810647450348,11
../data/KingsQuest/KingsQuest8/,False,King's Quest VIII,King's Quest,neutral,50,415,125,507,0.12070361445783284,100.1105012048193,7.149412963855421,5
../data/KingsQuest/KingsQuest7/,False,King's Quest VII: The Princeless Bride,King's Quest,TOTAL,1782,21358,4723,24878,-0.08161956945147786,103.70216379928617,6.446134548285335,69
../data/KingsQuest/KingsQuest7/,False,King's Quest VII: The Princeless Bride,King's Quest,male,758,10651,2174,12432,0.09384225511648303,103.11591333253064,6.650277132138449,40
../data/KingsQuest/KingsQuest7/,False,King's Quest VII: The Princeless Bride,King's Quest,female,974,10296,2440,11960,-0.23725716178175027,104.279305514158,6.216749506158686,19
../data/KingsQuest/KingsQuest7/,False,King's Quest VII: The Princeless Bride,King's Quest,neutral,39,393,96,459,-0.2117581106870201,103.87221016221375,6.69219631043257,7
../data/KingsQuest/KingsQuest7/,False,King's Quest VII: The Princeless Bride,King's Quest,not coded,11,18,13,27,2.650000000000002,78.52961538461541,13.354621367521368,3
../data/KingsQuest/KingsQuestChapters/,False,King's Quest Chapters,King's Quest,TOTAL,11496,113053,29097,134734,-0.011728250324230416,102.06697562074164,6.185570795326046,33
../data/KingsQuest/KingsQuestChapters/,False,King's Quest Chapters,King's Quest,male,7323,73568,18767,88379,0.11445081565948456,101.22412068198084,6.231587372341349,18
../data/KingsQuest/KingsQuestChapters/,False,King's Quest Chapters,King's Quest,female,4172,39472,10327,46335,-0.24766968577063864,103.64604397952264,6.099854596266731,14
../data/KingsQuest/KingsQuestChapters/,False,King's Quest Chapters,King's Quest,neutral,1,13,2,20,5.098846153846157,70.08365384615385,6.388130769230769,1
../data/KingsQuest/KingsQuest5/,False,King's Quest V,King's Quest,TOTAL,763,10833,1958,13495,1.2673692285526759,95.83051132562548,6.753208701168176,33
../data/KingsQuest/KingsQuest5/,False,King's Quest V,King's Quest,male,175,2513,561,2891,-0.26806429028942524,104.96295840595042,6.177230796932598,21
../data/KingsQuest/KingsQuest5/,False,King's Quest V,King's Quest,neutral,530,7277,1180,9397,2.05279053227839,91.32912638205353,7.056115733620905,3
../data/KingsQuest/KingsQuest5/,False,King's Quest V,King's Quest,female,58,1043,215,1207,-0.042629445472586625,104.00867283551474,6.087414893977569,9
../data/KingsQuest/KingsQuest2/,False,King's Quest II: Romancing the Throne,King's Quest,TOTAL,55,402,70,469,0.41638095238095296,102.306,5.453211385927505,10
../data/KingsQuest/KingsQuest2/,False,King's Quest II: Romancing the Throne,King's Quest,male,16,69,19,81,-0.32151029748283655,103.8359038901602,5.189669794050342,3
../data/KingsQuest/KingsQuest2/,False,King's Quest II: Romancing the Throne,King's Quest,neutral,3,60,7,69,1.3228571428571438,100.84500000000003,6.16697619047619,2
../data/KingsQuest/KingsQuest2/,False,King's Quest II: Romancing the Throne,King's Quest,female,36,273,42,319,0.7332783882783893,101.38255494505496,5.404870695970695,5
../data/KingsQuest/KingsQuest3/,False,King's Quest III: To Heir Is Human,King's Quest,TOTAL,330,3151,528,3631,0.33496777718473325,103.29034257102123,6.568345619957109,29
../data/KingsQuest/KingsQuest3/,False,King's Quest III: To Heir Is Human,King's Quest,male,178,1645,296,1880,0.06311293436293575,104.50849179536682,6.887771748952599,11
../data/KingsQuest/KingsQuest3/,False,King's Quest III: To Heir Is Human,King's Quest,neutral,98,988,147,1160,0.8854755019416682,100.6851600154232,6.031515783965408,13
../data/KingsQuest/KingsQuest3/,False,King's Quest III: To Heir Is Human,King's Quest,female,54,518,85,591,0.24964024528730455,104.1270767658415,6.590756652282534,5
../data/KingsQuest/KingsQuest4/,False,King's Quest IV: The Perils of Rosella,King's Quest,TOTAL,201,1772,343,2033,-0.03715338699168669,104.53049131616531,6.218470556568322,20
../data/KingsQuest/KingsQuest4/,False,King's Quest IV: The Perils of Rosella,King's Quest,male,47,349,73,387,-0.6406656984731303,108.17100443537309,6.633485500647643,8
../data/KingsQuest/KingsQuest4/,False,King's Quest IV: The Perils of Rosella,King's Quest,neutral,10,30,12,31,-2.421666666666665,116.87750000000001,11.6555,5
../data/KingsQuest/KingsQuest4/,False,King's Quest IV: The Perils of Rosella,King's Quest,female,144,1393,258,1615,0.19624325948680266,103.27223118638598,6.0013223687652,7
../data/KingdomHearts/KingdomHearts_B/,False,Kingdom Hearts,Kingdom Hearts,TOTAL,2176,19847,5555,22999,-0.5225850360115345,105.17284702175061,6.190923406443632,79
../data/KingdomHearts/KingdomHearts_B/,False,Kingdom Hearts,Kingdom Hearts,male,1776,15418,4439,17705,-0.6850803464299524,106.16061391995638,6.234934304301274,53
../data/KingdomHearts/KingdomHearts_B/,False,Kingdom Hearts,Kingdom Hearts,female,394,4381,1102,5233,0.0552631806791517,101.74718638498783,6.039455127052099,23
../data/KingdomHearts/KingdomHearts_B/,False,Kingdom Hearts,Kingdom Hearts,neutral,6,48,13,61,0.8458333333333332,95.5748076923077,6.1223467948717945,3
../data/KingdomHearts/KingdomHearts2/,False,Kingdom Hearts II,Kingdom Hearts,TOTAL,5990,47843,14959,55556,-0.6403379187326355,105.34997793271552,6.510355698661921,147
../data/KingdomHearts/KingdomHearts2/,False,Kingdom Hearts II,Kingdom Hearts,male,5103,40249,12650,46705,-0.6563840313612985,105.43556782690796,6.56322330208798,99
../data/KingdomHearts/KingdomHearts2/,False,Kingdom Hearts II,Kingdom Hearts,female,852,7359,2225,8553,-0.5855542573413874,105.15159716742171,6.162932655120764,37
../data/KingdomHearts/KingdomHearts2/,False,Kingdom Hearts II,Kingdom Hearts,neutral,35,235,82,298,0.4910871821484193,96.64615853658538,8.347667618059157,11
../data/KingdomHearts/KingdomHearts/,True,Kingdom Hearts,Kingdom Hearts,TOTAL,2178,19988,5575,23156,-0.5214941775827828,105.18724393685541,6.185832358539787,79
../data/KingdomHearts/KingdomHearts/,True,Kingdom Hearts,Kingdom Hearts,male,1777,15557,4457,17860,-0.6818910746325901,106.16831152598142,6.229332634888781,53
../data/KingdomHearts/KingdomHearts/,True,Kingdom Hearts,Kingdom Hearts,female,395,4383,1104,5235,0.05211378076362472,101.76016513592536,6.034578696346556,23
../data/KingdomHearts/KingdomHearts/,True,Kingdom Hearts,Kingdom Hearts,neutral,6,48,13,61,0.8458333333333332,95.5748076923077,6.1223467948717945,3
../data/KingdomHearts/KingdomHearts3/,False,Kingdom Hearts III,Kingdom Hearts,TOTAL,5219,40808,12995,47417,-0.6542372027333361,105.34634164528319,6.563092027471395,119
../data/KingdomHearts/KingdomHearts3/,False,Kingdom Hearts III,Kingdom Hearts,male,4529,33972,11000,39529,-0.6553427267375262,105.26179095147876,6.67140896376267,82
../data/KingdomHearts/KingdomHearts3/,False,Kingdom Hearts III,Kingdom Hearts,female,651,5546,1724,6365,-0.7928412400651617,106.47658824570375,6.113597056384778,23
../data/KingdomHearts/KingdomHearts3/,False,Kingdom Hearts III,Kingdom Hearts,neutral,39,1290,270,1523,0.2046511627906984,102.1050904392765,5.672803359173127,14
../data/KingdomHearts/KingdomHearts3D/,False,Kingdom Hearts 3D: Dream Drop Distance,Kingdom Hearts,TOTAL,1749,18484,4821,21459,-0.3955067360432274,104.72705887096511,6.380883798205579,51
../data/KingdomHearts/KingdomHearts3D/,False,Kingdom Hearts 3D: Dream Drop Distance,Kingdom Hearts,male,1626,17253,4514,20025,-0.4034985146772243,104.76307110793547,6.387730231570753,40
../data/KingdomHearts/KingdomHearts3D/,False,Kingdom Hearts 3D: Dream Drop Distance,Kingdom Hearts,female,123,1231,307,1434,-0.2802912808897169,104.21398476385028,6.285335949692658,11
../data/KingdomHearts/KingdomHearts3D/,False,Kingdom Hearts 3D: Dream Drop Distance,Kingdom Hearts,neutral,0,NA,NA,NA,NA,NA,NA,0
../data/DragonAge/DragonAgeOrigins/,True,Dragon Age: Origins,Dragon Age,TOTAL,79824,768317,197858,912524,-0.06079592050227234,102.41483037680908,6.052028458325891,1258
../data/DragonAge/DragonAgeOrigins/,True,Dragon Age: Origins,Dragon Age,male,21513,283778,65796,336888,0.10047851318202916,102.02413487369891,6.04778632322994,140
../data/DragonAge/DragonAgeOrigins/,True,Dragon Age: Origins,Dragon Age,female,11147,150946,34539,179697,0.16199000644304107,101.685200619117,5.86883380560653,80
../data/DragonAge/DragonAgeOrigins/,True,Dragon Age: Origins,Dragon Age,neutral,0,NA,NA,NA,NA,NA,NA,0
../data/DragonAge/DragonAgeInquisition/,True,Dragon Age: Inquisition,Dragon Age,TOTAL,34,429,93,507,0.1544868035190632,102.17108504398827,6.184111188811189,9
../data/DragonAge/DragonAgeInquisition/,True,Dragon Age: Inquisition,Dragon Age,male,0,NA,NA,NA,NA,NA,NA,0
../data/DragonAge/DragonAgeInquisition/,True,Dragon Age: Inquisition,Dragon Age,female,0,NA,NA,NA,NA,NA,NA,0
../data/DragonAge/DragonAgeInquisition/,True,Dragon Age: Inquisition,Dragon Age,neutral,0,NA,NA,NA,NA,NA,NA,0
../data/DragonAge/DragonAge2/,False,Dragon Age 2,Dragon Age,TOTAL,26633,281116,67859,334367,0.06087326041950902,102.00467546394543,6.183660304103078,568
../data/DragonAge/DragonAge2/,False,Dragon Age 2,Dragon Age,playerChoice,16550,167286,41251,198353,-0.017024894020883252,102.40762404776922,6.127338281155068,10
../data/DragonAge/DragonAge2/,False,Dragon Age 2,Dragon Age,male,11740,131606,31130,156955,0.13160519876471,101.6489167453698,6.23305908954186,317
../data/DragonAge/DragonAge2/,False,Dragon Age 2,Dragon Age,female,8118,88216,22098,104469,-0.0590629059947414,102.59629927924468,6.115585035901519,143
../data/DragonAge/DragonAge2/,False,Dragon Age 2,Dragon Age,neutral,120,989,237,1196,0.3072357962908452,100.2924325385144,6.892914362203649,42
../data/DragonAge/DragonAge2/,False,Dragon Age 2,Dragon Age,trans,14,170,39,200,-0.007647058823529562,102.88122926093516,6.732058069381599,1
../data/DragonAge/DragonAge2/,False,Dragon Age 2,Dragon Age,cut,453,4506,1133,5362,0.002683686632984461,102.12692064008803,6.13252787253555,65
../data/DragonAge/DragonAgeOrigins_B/,False,Dragon Age: Origins,Dragon Age,TOTAL,61108,701258,166056,833206,0.07725438062397849,102.03038261848133,6.053969729138796,1252
../data/DragonAge/DragonAgeOrigins_B/,False,Dragon Age: Origins,Dragon Age,male,26957,377660,83807,450448,0.24172302413097846,101.35578547755813,6.141464170171704,783
../data/DragonAge/DragonAgeOrigins_B/,False,Dragon Age: Origins,Dragon Age,female,12311,179001,39108,213536,0.27166295839612076,101.26721207926067,5.923622195826535,288
../data/DragonAge/DragonAgeOrigins_B/,False,Dragon Age: Origins,Dragon Age,neutral,215,2073,546,2466,-0.07223795741161787,102.34285121896919,6.064208668755267,61
../data/DragonAge/DragonAgeOrigins_B/,False,Dragon Age: Origins,Dragon Age,trans,5,40,10,51,1.0150000000000006,94.91000000000003,6.203399999999999,1
../data/DragonAge/DragonAgeOrigins_B/,False,Dragon Age: Origins,Dragon Age,cut,1874,10335,3978,12216,-0.6291304533424391,104.20054462278382,6.12431388201144,120
../data/DragonAge/DragonAgeOrigins_B/,False,Dragon Age: Origins,Dragon Age,playerChoice,19776,132255,38671,154613,-0.4613821096795814,104.46187833099052,5.9922929809368375,1
../data/DragonAge/DragonAgeInquisition_B/,True,Dragon Age: Inquisition,Dragon Age,TOTAL,32895,295229,74887,361131,0.38154258532774676,99.34884508807133,6.508587968894522,437
../data/DragonAge/DragonAgeInquisition_B/,True,Dragon Age: Inquisition,Dragon Age,playerChoice,7160,62322,15502,76177,0.40119477042647134,99.3467484096345,6.492147409686702,1
../data/DragonAge/DragonAgeInquisition_B/,True,Dragon Age: Inquisition,Dragon Age,neutral,324,2585,709,3057,-0.21348356172231675,103.08705731504043,5.863626887516948,1
../data/DragonAge/DragonAgeInquisition_B/,True,Dragon Age: Inquisition,Dragon Age,male,8772,82773,20757,100729,0.3249904164941686,99.83513700520335,6.48322135334995,249
../data/DragonAge/DragonAgeInquisition_B/,True,Dragon Age: Inquisition,Dragon Age,female,7559,79368,19000,98469,0.6789648057549389,97.63492518835645,6.65222251671786,184
../data/Persona/Persona5/,True,Persona 5,Persona,TOTAL,811,9730,3315,11380,-0.6442663684178687,104.90947807235789,6.357492151282206,36
../data/Persona/Persona5/,True,Persona 5,Persona,male,471,5305,1750,6184,-0.6525684933351261,105.14049396795477,6.757343305776221,15
../data/Persona/Persona5/,True,Persona 5,Persona,female,340,4425,1565,5196,-0.6312843450479235,104.6246372448151,5.87850778325301,21
../data/Persona/Persona5/,True,Persona 5,Persona,neutral,0,NA,NA,NA,NA,NA,NA,0
../data/Persona/Persona3/,False,Persona 3,Persona,TOTAL,2685,44447,12334,53645,0.05733883720082211,101.06994341364674,6.444123193808727,91
../data/Persona/Persona3/,False,Persona 3,Persona,male,1391,25287,6666,30471,0.10851443982931919,101.04111719414321,6.4491397995262805,49
../data/Persona/Persona3/,False,Persona 3,Persona,female,1289,19098,5656,23089,-0.007227231374004717,101.12849505650378,6.436472379847382,39
../data/Persona/Persona3/,False,Persona 3,Persona,neutral,5,62,11,85,2.7856011730205275,85.130219941349,7.226870087976539,3
../data/Persona/Persona4/,False,Persona 4,Persona,TOTAL,16477,156753,58123,186273,-0.5160050402068634,103.56560717749417,6.365116384127596,259
../data/Persona/Persona4/,False,Persona 4,Persona,male,8421,81960,29100,96995,-0.5269379229495907,103.8569678344478,6.415571009141999,130
../data/Persona/Persona4/,False,Persona 4,Persona,female,7993,74354,28874,88652,-0.5166069165980751,103.35298570790201,6.301532863523767,115
../data/Persona/Persona4/,False,Persona 4,Persona,neutral,63,439,148,626,2.3932480145293358,83.18738849042667,7.812052570337992,14
../data/Persona/Persona5B/,False,Persona 5,Persona,TOTAL,24295,385817,102404,476492,0.4526076463654576,98.52813378069403,7.002187843726429,711
../data/Persona/Persona5B/,False,Persona 5,Persona,male,13706,225840,57441,278630,0.5016024812300586,98.46912573768576,7.059428401958106,436
../data/Persona/Persona5B/,False,Persona 5,Persona,female,9193,148100,41703,182990,0.37490023767471925,98.70001530363028,6.842917295484711,197
../data/Persona/Persona5B/,False,Persona 5,Persona,neutral,1396,11877,3259,14872,0.6068871407016534,97.20254749026556,7.914657373133945,78
../data/MassEffect/MassEffectAndromeda/,True,Mass Effect: Andromeda,Mass Effect,TOTAL,1470,17279,4008,21594,0.8380959983788454,96.7324618935201,7.060602785135209,76
../data/MassEffect/MassEffectAndromeda/,True,Mass Effect: Andromeda,Mass Effect,male,0,NA,NA,NA,NA,NA,NA,0
../data/MassEffect/MassEffectAndromeda/,True,Mass Effect: Andromeda,Mass Effect,female,0,NA,NA,NA,NA,NA,NA,0
../data/MassEffect/MassEffectAndromeda/,True,Mass Effect: Andromeda,Mass Effect,neutral,0,NA,NA,NA,NA,NA,NA,0
../data/MassEffect/MassEffect1/,True,Mass Effect,Mass Effect,TOTAL,419,6609,1357,8345,1.2089487761101108,95.06958250473079,7.144057302233962,25
../data/MassEffect/MassEffect1/,True,Mass Effect,Mass Effect,male,0,NA,NA,NA,NA,NA,NA,0
../data/MassEffect/MassEffect1/,True,Mass Effect,Mass Effect,female,0,NA,NA,NA,NA,NA,NA,0
../data/MassEffect/MassEffect1/,True,Mass Effect,Mass Effect,neutral,0,NA,NA,NA,NA,NA,NA,0
../data/MassEffect/MassEffect3B/,True,Mass Effect 3,Mass Effect,TOTAL,34248,295819,80006,375397,0.8263167365004431,95.72390889114416,7.197979036890899,667
../data/MassEffect/MassEffect3B/,True,Mass Effect 3,Mass Effect,male,0,NA,NA,NA,NA,NA,NA,0
../data/MassEffect/MassEffect3B/,True,Mass Effect 3,Mass Effect,female,0,NA,NA,NA,NA,NA,NA,0
../data/MassEffect/MassEffect3B/,True,Mass Effect 3,Mass Effect,neutral,0,NA,NA,NA,NA,NA,NA,0
../data/MassEffect/MassEffect3C/,False,Mass Effect 3,Mass Effect,TOTAL,40540,361358,95688,458575,0.8573854798107252,95.6417958173261,7.185015568138102,476
../data/MassEffect/MassEffect3C/,False,Mass Effect 3,Mass Effect,playerChoice,8684,66068,18542,79231,-0.049407326328886114,101.76319201368426,6.533726016842767,1
../data/MassEffect/MassEffect3C/,False,Mass Effect 3,Mass Effect,male,19050,176144,45672,224711,0.967654418872975,94.99424297431865,7.26101378979429,310
../data/MassEffect/MassEffect3C/,False,Mass Effect 3,Mass Effect,female,12761,118845,31386,154229,1.2000003631702096,93.20348469816047,7.43284890739573,149
../data/MassEffect/MassEffect3C/,False,Mass Effect 3,Mass Effect,neutral,91,1052,176,1464,3.1624291393017643,83.03574879018323,7.985539267196681,15
../data/MassEffect/MassEffect3C/,False,Mass Effect 3,Mass Effect,genderless,5,64,18,79,0.36229166666666757,98.79798611111113,5.786605555555555,2
../data/MassEffect/MassEffect3/,True,Mass Effect 3,Mass Effect,TOTAL,3740,46712,11608,57385,0.47553249797666375,98.82067016457816,6.744833999754968,45
../data/MassEffect/MassEffect3/,True,Mass Effect 3,Mass Effect,male,0,NA,NA,NA,NA,NA,NA,0
../data/MassEffect/MassEffect3/,True,Mass Effect 3,Mass Effect,female,0,NA,NA,NA,NA,NA,NA,0
../data/MassEffect/MassEffect3/,True,Mass Effect 3,Mass Effect,neutral,0,NA,NA,NA,NA,NA,NA,0
../data/MassEffect/MassEffect1B/,False,Mass Effect,Mass Effect,TOTAL,31361,385744,82847,486722,1.1148202440964834,95.36292221875907,6.990820731112239,280
../data/MassEffect/MassEffect1B/,False,Mass Effect,Mass Effect,playerChoice,8119,82580,18112,99899,0.4629112379087186,99.86455846461554,6.50629571068038,1
../data/MassEffect/MassEffect1B/,False,Mass Effect,Mass Effect,male,13636,175938,37813,224718,1.29623904003717,94.05644110367771,7.2033760632987045,197
../data/MassEffect/MassEffect1B/,False,Mass Effect,Mass Effect,female,9551,126420,26792,161053,1.2828758510841478,94.26931742440811,7.010430543460449,79
../data/MassEffect/MassEffect1B/,False,Mass Effect,Mass Effect,neutral,22665,24754,23105,26208,-2.6790575804501007,116.17832636389859,0.7828708963084438,3
../data/MassEffect/MassEffect1B/,False,Mass Effect,Mass Effect,genderless,53,796,123,1034,2.2620431425419785,90.3714072394493,7.171031331454017,2
../data/MassEffect/MassEffect2/,False,Mass Effect 2,Mass Effect,TOTAL,23384,270209,62711,343067,1.072132596606389,95.05038808280163,7.1161013561117334,379
../data/MassEffect/MassEffect2/,False,Mass Effect 2,Mass Effect,playerChoice,4859,50579,10542,61068,0.5282308803160145,99.82095009832621,6.556766318336077,1
../data/MassEffect/MassEffect2/,False,Mass Effect 2,Mass Effect,male,10829,123945,31011,157451,0.9586440216157666,95.30835769260656,7.152367861358163,260
../data/MassEffect/MassEffect2/,False,Mass Effect 2,Mass Effect,female,7685,95609,21126,124424,1.531334059331975,92.14439340009966,7.366154665401419,115
../data/MassEffect/MassEffect2/,False,Mass Effect 2,Mass Effect,neutral,11,76,29,124,4.6847005444646115,66.1434210526316,9.999380943738656,3
../data/StardewValley/StardewValley/,False,Stardew Valley,Stardew Valley,TOTAL,4991,53870,15560,64438,-0.12491136306914363,102.12449866275713,5.947651431681431,40
../data/StardewValley/StardewValley/,False,Stardew Valley,Stardew Valley,playerChoice,127,745,270,900,-0.25885533184190734,101.83300956997266,6.48627201093711,1
../data/StardewValley/StardewValley/,False,Stardew Valley,Stardew Valley,male,2606,28967,8716,34756,-0.1356553949927637,101.95457088430042,6.021001650294626,24
../data/StardewValley/StardewValley/,False,Stardew Valley,Stardew Valley,female,2233,23900,6505,28449,-0.11115243825959276,102.40347370706151,5.837080391973988,14
../data/StardewValley/StardewValley/,False,Stardew Valley,Stardew Valley,undefined,25,258,67,333,1.142023602915657,93.73346928149948,6.520365231979636,1
