"folder","game","year","series","charName","gender","Confidence","Comments"
"../data/ChronoTrigger/ChronoTrigger/","Chrono Trigger",1995,"Chrono Trigger","juror","","",""
"../data/ChronoTrigger/ChronoTrigger/","Chrono Trigger",1995,"Chrono Trigger","woman","","",""
"../data/ChronoTrigger/ChronoTrigger/","Chrono Trigger",1995,"Chrono Trigger","mune","","",""
"../data/ChronoTrigger/ChronoTrigger/","Chrono Trigger",1995,"Chrono Trigger","diary","","",""
"../data/ChronoTrigger/ChronoTrigger/","Chrono Trigger",1995,"Chrono Trigger","real chancellor (600AD)","","",""
"../data/ChronoTrigger/ChronoTrigger/","Chrono Trigger",1995,"Chrono Trigger","shop keeper","","",""
"../data/ChronoTrigger/ChronoTrigger/","Chrono Trigger",1995,"Chrono Trigger","doan","","",""
"../data/ChronoTrigger/ChronoTrigger/","Chrono Trigger",1995,"Chrono Trigger","pierre","","",""
"../data/ChronoTrigger/ChronoTrigger/","Chrono Trigger",1995,"Chrono Trigger","johnny","","",""
"../data/ChronoTrigger/ChronoTrigger/","Chrono Trigger",1995,"Chrono Trigger","lara","","",""
"../data/FinalFantasy/FFI/","Final Fantasy",1987,"Final Fantasy","Dwarf","","",""
"../data/FinalFantasy/FFI/","Final Fantasy",1987,"Final Fantasy","Dragon","","",""
"../data/FinalFantasy/FFI/","Final Fantasy",1987,"Final Fantasy","Dr. Unne","","",""
"../data/FinalFantasy/FFI/","Final Fantasy",1987,"Final Fantasy","Bat","","",""
"../data/FinalFantasy/FFI/","Final Fantasy",1987,"Final Fantasy","Matoya","","",""
"../data/FinalFantasy/FFI/","Final Fantasy",1987,"Final Fantasy","Old Man","","",""
"../data/FinalFantasy/FFI/","Final Fantasy",1987,"Final Fantasy","Sage","","",""
"../data/FinalFantasy/FFI/","Final Fantasy",1987,"Final Fantasy","King","","",""
"../data/FinalFantasy/FFI/","Final Fantasy",1987,"Final Fantasy","Princess","","",""
"../data/FinalFantasy/FFI/","Final Fantasy",1987,"Final Fantasy","Attendant","","",""
"../data/FinalFantasy/FFII/","Final Fantasy II",1988,"Final Fantasy","Gus","","",""
"../data/FinalFantasy/FFII/","Final Fantasy II",1988,"Final Fantasy","Man in Armor","","",""
"../data/FinalFantasy/FFII/","Final Fantasy II",1988,"Final Fantasy","Borghen","","",""
"../data/FinalFantasy/FFII/","Final Fantasy II",1988,"Final Fantasy","Maria","","",""
"../data/FinalFantasy/FFII/","Final Fantasy II",1988,"Final Fantasy","Tropical Islander","","",""
"../data/FinalFantasy/FFII/","Final Fantasy II",1988,"Final Fantasy","Wizard","","",""
"../data/FinalFantasy/FFII/","Final Fantasy II",1988,"Final Fantasy","Wandering Soldier","","",""
"../data/FinalFantasy/FFII/","Final Fantasy II",1988,"Final Fantasy","Soldier at Left of Stairway","","",""
"../data/FinalFantasy/FFII/","Final Fantasy II",1988,"Final Fantasy","Girl","","",""
"../data/FinalFantasy/FFII/","Final Fantasy II",1988,"Final Fantasy","Pavel","","",""
"../data/FinalFantasy/FFIII/","Final Fantasy III",1990,"Final Fantasy","Sara","","",""
"../data/FinalFantasy/FFIII/","Final Fantasy III",1990,"Final Fantasy","Ingus","","",""
"../data/FinalFantasy/FFIII/","Final Fantasy III",1990,"Final Fantasy","King Sasune","","",""
"../data/FinalFantasy/FFIII/","Final Fantasy III",1990,"Final Fantasy","Desch","","",""
"../data/FinalFantasy/FFIII/","Final Fantasy III",1990,"Final Fantasy","Topapa","","",""
"../data/FinalFantasy/FFIII/","Final Fantasy III",1990,"Final Fantasy","Delilah","","",""
"../data/FinalFantasy/FFIII/","Final Fantasy III",1990,"Final Fantasy","Gill","","",""
"../data/FinalFantasy/FFIII/","Final Fantasy III",1990,"Final Fantasy","King Argus","","",""
"../data/FinalFantasy/FFIII/","Final Fantasy III",1990,"Final Fantasy","Elder Tree","","",""
"../data/FinalFantasy/FFIII/","Final Fantasy III",1990,"Final Fantasy","Salina","","",""
"../data/FinalFantasy/FFIV_DS/","Final Fantasy IV",1991,"Final Fantasy","Porom","","",""
"../data/FinalFantasy/FFIV_DS/","Final Fantasy IV",1991,"Final Fantasy","King Of Eblan","","",""
"../data/FinalFantasy/FFIV_DS/","Final Fantasy IV",1991,"Final Fantasy","Seneschal","","",""
"../data/FinalFantasy/FFIV_DS/","Final Fantasy IV",1991,"Final Fantasy","Yang's Wife","","",""
"../data/FinalFantasy/FFIV_DS/","Final Fantasy IV",1991,"Final Fantasy","Narration","","",""
"../data/FinalFantasy/FFIV_DS/","Final Fantasy IV",1991,"Final Fantasy","Barbariccia","","",""
"../data/FinalFantasy/FFIV_DS/","Final Fantasy IV",1991,"Final Fantasy","Baigan","","",""
"../data/FinalFantasy/FFIV_DS/","Final Fantasy IV",1991,"Final Fantasy","King Giott","","",""
"../data/FinalFantasy/FFIV_DS/","Final Fantasy IV",1991,"Final Fantasy","Kain","","",""
"../data/FinalFantasy/FFIV_DS/","Final Fantasy IV",1991,"Final Fantasy","Cecil","","",""
"../data/FinalFantasy/FFV/","Final Fantasy V",1992,"Final Fantasy","Lenna","","",""
"../data/FinalFantasy/FFV/","Final Fantasy V",1992,"Final Fantasy","Gilgamesh","","",""
"../data/FinalFantasy/FFV/","Final Fantasy V",1992,"Final Fantasy","Soldier","","",""
"../data/FinalFantasy/FFV/","Final Fantasy V",1992,"Final Fantasy","Zokk","","",""
"../data/FinalFantasy/FFV/","Final Fantasy V",1992,"Final Fantasy","Kelgar","","",""
"../data/FinalFantasy/FFV/","Final Fantasy V",1992,"Final Fantasy","Moogle","","",""
"../data/FinalFantasy/FFV/","Final Fantasy V",1992,"Final Fantasy","Zeza","","",""
"../data/FinalFantasy/FFV/","Final Fantasy V",1992,"Final Fantasy","Faris","","",""
"../data/FinalFantasy/FFV/","Final Fantasy V",1992,"Final Fantasy","Guido","","",""
"../data/FinalFantasy/FFV/","Final Fantasy V",1992,"Final Fantasy","Cara","","",""
"../data/FinalFantasy/FFVI/","Final Fantasy VI",1994,"Final Fantasy","Vargas","","",""
"../data/FinalFantasy/FFVI/","Final Fantasy VI",1994,"Final Fantasy","Relm","","",""
"../data/FinalFantasy/FFVI/","Final Fantasy VI",1994,"Final Fantasy","Leo","","",""
"../data/FinalFantasy/FFVI/","Final Fantasy VI",1994,"Final Fantasy","Doma Sentry","","",""
"../data/FinalFantasy/FFVI/","Final Fantasy VI",1994,"Final Fantasy","Strago","","",""
"../data/FinalFantasy/FFVI/","Final Fantasy VI",1994,"Final Fantasy","Owzer","","",""
"../data/FinalFantasy/FFVI/","Final Fantasy VI",1994,"Final Fantasy","Wedge","","",""
"../data/FinalFantasy/FFVI/","Final Fantasy VI",1994,"Final Fantasy","Celes","","",""
"../data/FinalFantasy/FFVI/","Final Fantasy VI",1994,"Final Fantasy","Setzer","","",""
"../data/FinalFantasy/FFVI/","Final Fantasy VI",1994,"Final Fantasy","Kefka","","",""
"../data/FinalFantasy/FFVII/","Final Fantasy VII",1997,"Final Fantasy","Staniv","","",""
"../data/FinalFantasy/FFVII/","Final Fantasy VII",1997,"Final Fantasy","Waitress","","",""
"../data/FinalFantasy/FFVII/","Final Fantasy VII",1997,"Final Fantasy","Soldier 3","","",""
"../data/FinalFantasy/FFVII/","Final Fantasy VII",1997,"Final Fantasy","Red XIII","","",""
"../data/FinalFantasy/FFVII/","Final Fantasy VII",1997,"Final Fantasy","Innkeeper (Nibelheim)","","",""
"../data/FinalFantasy/FFVII/","Final Fantasy VII",1997,"Final Fantasy","Dyne","","",""
"../data/FinalFantasy/FFVII/","Final Fantasy VII",1997,"Final Fantasy","Barkeeper","","",""
"../data/FinalFantasy/FFVII/","Final Fantasy VII",1997,"Final Fantasy","Shinra Soldier","","",""
"../data/FinalFantasy/FFVII/","Final Fantasy VII",1997,"Final Fantasy","Girls","","",""
"../data/FinalFantasy/FFVII/","Final Fantasy VII",1997,"Final Fantasy","Big Man","","",""
"../data/FinalFantasy/FFVIII/","Final Fantasy VIII",1999,"Final Fantasy","Presidential Aide","","",""
"../data/FinalFantasy/FFVIII/","Final Fantasy VIII",1999,"Final Fantasy","Security Guard 1","","",""
"../data/FinalFantasy/FFVIII/","Final Fantasy VIII",1999,"Final Fantasy","Watts","","",""
"../data/FinalFantasy/FFVIII/","Final Fantasy VIII",1999,"Final Fantasy","Ultimecia","","",""
"../data/FinalFantasy/FFVIII/","Final Fantasy VIII",1999,"Final Fantasy","Crewmember","","",""
"../data/FinalFantasy/FFVIII/","Final Fantasy VIII",1999,"Final Fantasy","Kiros","","",""
"../data/FinalFantasy/FFVIII/","Final Fantasy VIII",1999,"Final Fantasy","White SeeD Leader","","",""
"../data/FinalFantasy/FFVIII/","Final Fantasy VIII",1999,"Final Fantasy","Squall","","",""
"../data/FinalFantasy/FFVIII/","Final Fantasy VIII",1999,"Final Fantasy","Irvine","","",""
"../data/FinalFantasy/FFVIII/","Final Fantasy VIII",1999,"Final Fantasy","Loudspeaker","","",""
"../data/FinalFantasy/FFX_B/","Final Fantasy X",2001,"Final Fantasy","Belgemine","","",""
"../data/FinalFantasy/FFX_B/","Final Fantasy X",2001,"Final Fantasy","Seymour","","",""
"../data/FinalFantasy/FFX_B/","Final Fantasy X",2001,"Final Fantasy","Kinoc","","",""
"../data/FinalFantasy/FFX_B/","Final Fantasy X",2001,"Final Fantasy","Gas mask guy","","",""
"../data/FinalFantasy/FFX_B/","Final Fantasy X",2001,"Final Fantasy","Brother","","",""
"../data/FinalFantasy/FFX_B/","Final Fantasy X",2001,"Final Fantasy","Shelinda","","",""
"../data/FinalFantasy/FFX_B/","Final Fantasy X",2001,"Final Fantasy","Mika","","",""
"../data/FinalFantasy/FFX_B/","Final Fantasy X",2001,"Final Fantasy","Jecht","","",""
"../data/FinalFantasy/FFX_B/","Final Fantasy X",2001,"Final Fantasy","Jassu","","",""
"../data/FinalFantasy/FFX_B/","Final Fantasy X",2001,"Final Fantasy","Bahamut's Fayth","","",""
"../data/FinalFantasy/FFX2/","Final Fantasy X-2",2003,"Final Fantasy","Woman","","",""
"../data/FinalFantasy/FFX2/","Final Fantasy X-2",2003,"Final Fantasy","Buddy","","",""
"../data/FinalFantasy/FFX2/","Final Fantasy X-2",2003,"Final Fantasy","Kimahri","","",""
"../data/FinalFantasy/FFX2/","Final Fantasy X-2",2003,"Final Fantasy","Fem-Goon 1","","",""
"../data/FinalFantasy/FFX2/","Final Fantasy X-2",2003,"Final Fantasy","Tromell","","",""
"../data/FinalFantasy/FFX2/","Final Fantasy X-2",2003,"Final Fantasy","Ormi","","",""
"../data/FinalFantasy/FFX2/","Final Fantasy X-2",2003,"Final Fantasy","Garik","","",""
"../data/FinalFantasy/FFX2/","Final Fantasy X-2",2003,"Final Fantasy","Lian","","",""
"../data/FinalFantasy/FFX2/","Final Fantasy X-2",2003,"Final Fantasy","Maechen","","",""
"../data/FinalFantasy/FFX2/","Final Fantasy X-2",2003,"Final Fantasy","Hypello","","",""
"../data/FinalFantasy/FFXII_B/","Final Fantasy XII",2006,"Final Fantasy","Cloudborne Resident (tan bangaa in green vest)","","",""
"../data/FinalFantasy/FFXII_B/","Final Fantasy XII",2006,"Final Fantasy","Cloudborne Resident (man sitting on crate talking to moogle)","","",""
"../data/FinalFantasy/FFXII_B/","Final Fantasy XII",2006,"Final Fantasy","Dania","","",""
"../data/FinalFantasy/FFXII_B/","Final Fantasy XII",2006,"Final Fantasy","Larsa","","",""
"../data/FinalFantasy/FFXII_B/","Final Fantasy XII",2006,"Final Fantasy","Rabanastran (blindfolded tan bangaa SG)","","",""
"../data/FinalFantasy/FFXII_B/","Final Fantasy XII",2006,"Final Fantasy","Laughing Seeq","","",""
"../data/FinalFantasy/FFXII_B/","Final Fantasy XII",2006,"Final Fantasy","Rabanastran (woman in blue pants)","","",""
"../data/FinalFantasy/FFXII_B/","Final Fantasy XII",2006,"Final Fantasy","Kjrs","","",""
"../data/FinalFantasy/FFXII_B/","Final Fantasy XII",2006,"Final Fantasy","Steward","","",""
"../data/FinalFantasy/FFXII_B/","Final Fantasy XII",2006,"Final Fantasy","Awestruck Girl","","",""
"../data/FinalFantasy/FFXIII/","Final Fantasy XIII",2009,"Final Fantasy","Sazh","","",""
"../data/FinalFantasy/FFXIII/","Final Fantasy XIII",2009,"Final Fantasy","Yaag","","",""
"../data/FinalFantasy/FFXIII/","Final Fantasy XIII",2009,"Final Fantasy","Jihl","","",""
"../data/FinalFantasy/FFXIII/","Final Fantasy XIII",2009,"Final Fantasy","Fang","","",""
"../data/FinalFantasy/FFXIII/","Final Fantasy XIII",2009,"Final Fantasy","Maqui","","",""
"../data/FinalFantasy/FFXIII/","Final Fantasy XIII",2009,"Final Fantasy","Amodar","","",""
"../data/FinalFantasy/FFXIII/","Final Fantasy XIII",2009,"Final Fantasy","Serah","","",""
"../data/FinalFantasy/FFXIII/","Final Fantasy XIII",2009,"Final Fantasy","Nora","","",""
"../data/FinalFantasy/FFXIII/","Final Fantasy XIII",2009,"Final Fantasy","Orphan","","",""
"../data/FinalFantasy/FFXIII/","Final Fantasy XIII",2009,"Final Fantasy","Galenth","","",""
"../data/FinalFantasy/FFXIII-2/","Final Fantasy XIII-2",2011,"Final Fantasy","Gadot","","",""
"../data/FinalFantasy/FFXIII-2/","Final Fantasy XIII-2",2011,"Final Fantasy","Yuj","","",""
"../data/FinalFantasy/FFXIII-2/","Final Fantasy XIII-2",2011,"Final Fantasy","Alyssa","","",""
"../data/FinalFantasy/FFXIII-2/","Final Fantasy XIII-2",2011,"Final Fantasy","Roaming Male NORA Member 4","","",""
"../data/FinalFantasy/FFXIII-2/","Final Fantasy XIII-2",2011,"Final Fantasy","Male Researcher 3","","",""
"../data/FinalFantasy/FFXIII-2/","Final Fantasy XIII-2",2011,"Final Fantasy","Raymond","","",""
"../data/FinalFantasy/FFXIII-2/","Final Fantasy XIII-2",2011,"Final Fantasy","Male Resident of Academia","","",""
"../data/FinalFantasy/FFXIII-2/","Final Fantasy XIII-2",2011,"Final Fantasy","Commander","","",""
"../data/FinalFantasy/FFXIII-2/","Final Fantasy XIII-2",2011,"Final Fantasy","Cole","","",""
"../data/FinalFantasy/FFXIII-2/","Final Fantasy XIII-2",2011,"Final Fantasy","Morris","","",""
"../data/FinalFantasy/FFXIII-LR/","Lightning Returns: Final Fantasy XIII",2014,"Final Fantasy","Inquisitor","","",""
"../data/FinalFantasy/FFXIII-LR/","Lightning Returns: Final Fantasy XIII",2014,"Final Fantasy","Banquet Maitre D'","","",""
"../data/FinalFantasy/FFXIII-LR/","Lightning Returns: Final Fantasy XIII",2014,"Final Fantasy","Goddess's Disciple 1","","",""
"../data/FinalFantasy/FFXIII-LR/","Lightning Returns: Final Fantasy XIII",2014,"Final Fantasy","Cathedral Plaza Sentry","","",""
"../data/FinalFantasy/FFXIII-LR/","Lightning Returns: Final Fantasy XIII",2014,"Final Fantasy","Lightning","","",""
"../data/FinalFantasy/FFXIII-LR/","Lightning Returns: Final Fantasy XIII",2014,"Final Fantasy","Raines","","",""
"../data/FinalFantasy/FFXIII-LR/","Lightning Returns: Final Fantasy XIII",2014,"Final Fantasy","Drunk Pyrotechnician","","",""
"../data/FinalFantasy/FFXIII-LR/","Lightning Returns: Final Fantasy XIII",2014,"Final Fantasy","Bhunivelze","","",""
"../data/FinalFantasy/FFXIII-LR/","Lightning Returns: Final Fantasy XIII",2014,"Final Fantasy","Announcer","","",""
"../data/FinalFantasy/FFXIII-LR/","Lightning Returns: Final Fantasy XIII",2014,"Final Fantasy","Snow","","",""
"../data/FinalFantasy/FFXV/","Final Fantasy XV",2016,"Final Fantasy","Ardyn","","",""
"../data/FinalFantasy/FFXV/","Final Fantasy XV",2016,"Final Fantasy","Cor","","",""
"../data/FinalFantasy/FFXV/","Final Fantasy XV",2016,"Final Fantasy","NARRATIVE","","",""
"../data/FinalFantasy/FFXV/","Final Fantasy XV",2016,"Final Fantasy","Camelia","","",""
"../data/FinalFantasy/FFXV/","Final Fantasy XV",2016,"Final Fantasy","Holly","","",""
"../data/FinalFantasy/FFXV/","Final Fantasy XV",2016,"Final Fantasy","Randolph","","",""
"../data/FinalFantasy/FFXV/","Final Fantasy XV",2016,"Final Fantasy","Dave","","",""
"../data/FinalFantasy/FFXV/","Final Fantasy XV",2016,"Final Fantasy","Jared","","",""
"../data/FinalFantasy/FFXV/","Final Fantasy XV",2016,"Final Fantasy","Gladiolus","","",""
"../data/FinalFantasy/FFXV/","Final Fantasy XV",2016,"Final Fantasy","Kimya","","",""
"../data/FinalFantasy/FFVII_Remake/","Final Fantasy VII Remake",2020,"Final Fantasy","Subordinate","","",""
"../data/FinalFantasy/FFVII_Remake/","Final Fantasy VII Remake",2020,"Final Fantasy","Tifa","","",""
"../data/FinalFantasy/FFVII_Remake/","Final Fantasy VII Remake",2020,"Final Fantasy","Item Store Owner","","",""
"../data/FinalFantasy/FFVII_Remake/","Final Fantasy VII Remake",2020,"Final Fantasy","Jessie","","",""
"../data/FinalFantasy/FFVII_Remake/","Final Fantasy VII Remake",2020,"Final Fantasy","Elmyra","","",""
"../data/FinalFantasy/FFVII_Remake/","Final Fantasy VII Remake",2020,"Final Fantasy","Materia Vendor","","",""
"../data/FinalFantasy/FFVII_Remake/","Final Fantasy VII Remake",2020,"Final Fantasy","Scotch","","",""
"../data/FinalFantasy/FFVII_Remake/","Final Fantasy VII Remake",2020,"Final Fantasy","Palmer","","",""
"../data/FinalFantasy/FFVII_Remake/","Final Fantasy VII Remake",2020,"Final Fantasy","Staff (2)","","",""
"../data/FinalFantasy/FFVII_Remake/","Final Fantasy VII Remake",2020,"Final Fantasy","Server","","",""
"../data/Horizon/HorizonZeroDawn/","Horizon Zero Dawn",2017,"Horizon","Patrick Brochard-Klein","","",""
"../data/Horizon/HorizonZeroDawn/","Horizon Zero Dawn",2017,"Horizon","Erend","","",""
"../data/Horizon/HorizonZeroDawn/","Horizon Zero Dawn",2017,"Horizon","Balahn","","",""
"../data/Horizon/HorizonZeroDawn/","Horizon Zero Dawn",2017,"Horizon","Adolescent Male #1","","",""
"../data/Horizon/HorizonZeroDawn/","Horizon Zero Dawn",2017,"Horizon","Blameless Marad","","",""
"../data/Horizon/HorizonZeroDawn/","Horizon Zero Dawn",2017,"Horizon","Woman's Voice","","",""
"../data/Horizon/HorizonZeroDawn/","Horizon Zero Dawn",2017,"Horizon","Dervahl","","",""
"../data/Horizon/HorizonZeroDawn/","Horizon Zero Dawn",2017,"Horizon","Female Contestant","","",""
"../data/Horizon/HorizonZeroDawn/","Horizon Zero Dawn",2017,"Horizon","Avad","","",""
"../data/Horizon/HorizonZeroDawn/","Horizon Zero Dawn",2017,"Horizon","Vanasha","","",""
"../data/KingsQuest/KingsQuest3/","King's Quest III: To Heir Is Human",1986,"King's Quest","Cat","","",""
"../data/KingsQuest/KingsQuest3/","King's Quest III: To Heir Is Human",1986,"King's Quest","Squirrel","","",""
"../data/KingsQuest/KingsQuest3/","King's Quest III: To Heir Is Human",1986,"King's Quest","Sailor","","",""
"../data/KingsQuest/KingsQuest3/","King's Quest III: To Heir Is Human",1986,"King's Quest","Pirate","","",""
"../data/KingsQuest/KingsQuest3/","King's Quest III: To Heir Is Human",1986,"King's Quest","Captain","","",""
"../data/KingsQuest/KingsQuest3/","King's Quest III: To Heir Is Human",1986,"King's Quest","Fish","","",""
"../data/KingsQuest/KingsQuest3/","King's Quest III: To Heir Is Human",1986,"King's Quest","Mama Bear","","",""
"../data/KingsQuest/KingsQuest3/","King's Quest III: To Heir Is Human",1986,"King's Quest","Bird","","",""
"../data/KingsQuest/KingsQuest3/","King's Quest III: To Heir Is Human",1986,"King's Quest","Manannan","","",""
"../data/KingsQuest/KingsQuest3/","King's Quest III: To Heir Is Human",1986,"King's Quest","Mouse","","",""
"../data/KingsQuest/KingsQuest1/","King's Quest I: Quest for the Crown",1987,"King's Quest","FAIRY GODMOTHER","","",""
"../data/KingsQuest/KingsQuest1/","King's Quest I: Quest for the Crown",1987,"King's Quest","KING EDWARD","","",""
"../data/KingsQuest/KingsQuest1/","King's Quest I: Quest for the Crown",1987,"King's Quest","SIR GRAHAM","","",""
"../data/KingsQuest/KingsQuest1/","King's Quest I: Quest for the Crown",1987,"King's Quest","DOCTOR","","",""
"../data/KingsQuest/KingsQuest1/","King's Quest I: Quest for the Crown",1987,"King's Quest","TROLL","","",""
"../data/KingsQuest/KingsQuest1/","King's Quest I: Quest for the Crown",1987,"King's Quest","GNOME","","",""
"../data/KingsQuest/KingsQuest1/","King's Quest I: Quest for the Crown",1987,"King's Quest","WOODCUTTER","","",""
"../data/KingsQuest/KingsQuest1/","King's Quest I: Quest for the Crown",1987,"King's Quest","RAT","","",""
"../data/KingsQuest/KingsQuest1/","King's Quest I: Quest for the Crown",1987,"King's Quest","WITCH","","",""
"../data/KingsQuest/KingsQuest2/","King's Quest II: Romancing the Throne",1987,"King's Quest","Monk","","",""
"../data/KingsQuest/KingsQuest2/","King's Quest II: Romancing the Throne",1987,"King's Quest","Antique Shop Lady","","",""
"../data/KingsQuest/KingsQuest2/","King's Quest II: Romancing the Throne",1987,"King's Quest","Genie","","",""
"../data/KingsQuest/KingsQuest2/","King's Quest II: Romancing the Throne",1987,"King's Quest","Valanice","","",""
"../data/KingsQuest/KingsQuest2/","King's Quest II: Romancing the Throne",1987,"King's Quest","Grandma","","",""
"../data/KingsQuest/KingsQuest4/","King's Quest IV: The Perils of Rosella",1988,"King's Quest","Minstrel","","",""
"../data/KingsQuest/KingsQuest4/","King's Quest IV: The Perils of Rosella",1988,"King's Quest","Genesta","","",""
"../data/KingsQuest/KingsQuest4/","King's Quest IV: The Perils of Rosella",1988,"King's Quest","Ogre","","",""
"../data/KingsQuest/KingsQuest4/","King's Quest IV: The Perils of Rosella",1988,"King's Quest","Ogress","","",""
"../data/KingsQuest/KingsQuest4/","King's Quest IV: The Perils of Rosella",1988,"King's Quest","Fisherman's wife","","",""
"../data/KingsQuest/KingsQuest4/","King's Quest IV: The Perils of Rosella",1988,"King's Quest","Edgar","","",""
"../data/KingsQuest/KingsQuest4/","King's Quest IV: The Perils of Rosella",1988,"King's Quest","Witch","","",""
"../data/KingsQuest/KingsQuest4/","King's Quest IV: The Perils of Rosella",1988,"King's Quest","Dwarf","","",""
"../data/KingsQuest/KingsQuest4/","King's Quest IV: The Perils of Rosella",1988,"King's Quest","Robin","","",""
"../data/KingsQuest/KingsQuest4/","King's Quest IV: The Perils of Rosella",1988,"King's Quest","Lolotte","","",""
"../data/KingsQuest/KingsQuest5/","King's Quest V",1992,"King's Quest","Irate Customer","","",""
"../data/KingsQuest/KingsQuest5/","King's Quest V",1992,"King's Quest","Arabian Knights/Bandits","","",""
"../data/KingsQuest/KingsQuest5/","King's Quest V",1992,"King's Quest","Cedric","","",""
"../data/KingsQuest/KingsQuest5/","King's Quest V",1992,"King's Quest","Harpies","","",""
"../data/KingsQuest/KingsQuest5/","King's Quest V",1992,"King's Quest","Tailor","","",""
"../data/KingsQuest/KingsQuest5/","King's Quest V",1992,"King's Quest","Crispin","","",""
"../data/KingsQuest/KingsQuest5/","King's Quest V",1992,"King's Quest","Hermit","","",""
"../data/KingsQuest/KingsQuest5/","King's Quest V",1992,"King's Quest","Willow Tree/Alicia","","",""
"../data/KingsQuest/KingsQuest5/","King's Quest V",1992,"King's Quest","Man fixing Wagon","","",""
"../data/KingsQuest/KingsQuest5/","King's Quest V",1992,"King's Quest","Herbert","","",""
"../data/KingsQuest/KingsQuest6/","King's Quest VI",1992,"King's Quest","White Chess Knight","","",""
"../data/KingsQuest/KingsQuest6/","King's Quest VI",1992,"King's Quest","Winged One Guard 1","","",""
"../data/KingsQuest/KingsQuest6/","King's Quest VI",1992,"King's Quest","Wolf","","",""
"../data/KingsQuest/KingsQuest6/","King's Quest VI",1992,"King's Quest","Stick-in-the-mud","","",""
"../data/KingsQuest/KingsQuest6/","King's Quest VI",1992,"King's Quest","Lampseller","","",""
"../data/KingsQuest/KingsQuest6/","King's Quest VI",1992,"King's Quest","King Caliphim","","",""
"../data/KingsQuest/KingsQuest6/","King's Quest VI",1992,"King's Quest","Jowels","","",""
"../data/KingsQuest/KingsQuest6/","King's Quest VI",1992,"King's Quest","Swimming Child","","",""
"../data/KingsQuest/KingsQuest6/","King's Quest VI",1992,"King's Quest","Alexander","","",""
"../data/KingsQuest/KingsQuest6/","King's Quest VI",1992,"King's Quest","Townsfolk","","",""
"../data/KingsQuest/KingsQuest7/","King's Quest VII: The Princeless Bride",1994,"King's Quest","Levanter","","",""
"../data/KingsQuest/KingsQuest7/","King's Quest VII: The Princeless Bride",1994,"King's Quest","Gravedigger","","",""
"../data/KingsQuest/KingsQuest7/","King's Quest VII: The Princeless Bride",1994,"King's Quest","Blotar","","",""
"../data/KingsQuest/KingsQuest7/","King's Quest VII: The Princeless Bride",1994,"King's Quest","King Otar","","",""
"../data/KingsQuest/KingsQuest7/","King's Quest VII: The Princeless Bride",1994,"King's Quest","Dr. Mort Cadaver","","",""
"../data/KingsQuest/KingsQuest7/","King's Quest VII: The Princeless Bride",1994,"King's Quest","Bogeyman","","",""
"../data/KingsQuest/KingsQuest7/","King's Quest VII: The Princeless Bride",1994,"King's Quest","Black Valiant","","",""
"../data/KingsQuest/KingsQuest7/","King's Quest VII: The Princeless Bride",1994,"King's Quest","Three-headed plant 2","","",""
"../data/KingsQuest/KingsQuest7/","King's Quest VII: The Princeless Bride",1994,"King's Quest","Weaver of Dreams","","",""
"../data/KingsQuest/KingsQuest7/","King's Quest VII: The Princeless Bride",1994,"King's Quest","Arch-Duke YipYap","","",""
"../data/KingsQuest/KingsQuest8/","King's Quest VIII",1998,"King's Quest","Wisps","","",""
"../data/KingsQuest/KingsQuest8/","King's Quest VIII",1998,"King's Quest","Gryphs","","",""
"../data/KingsQuest/KingsQuest8/","King's Quest VIII",1998,"King's Quest","King Gryph","","",""
"../data/KingsQuest/KingsQuest8/","King's Quest VIII",1998,"King's Quest","Ferryman","","",""
"../data/KingsQuest/KingsQuest8/","King's Quest VIII",1998,"King's Quest","Apothecary Gnome","","",""
"../data/KingsQuest/KingsQuest8/","King's Quest VIII",1998,"King's Quest","Old/Young Guy","","",""
"../data/KingsQuest/KingsQuest8/","King's Quest VIII",1998,"King's Quest","Fire Dwarves","","",""
"../data/KingsQuest/KingsQuest8/","King's Quest VIII",1998,"King's Quest","Archons","","",""
"../data/KingsQuest/KingsQuest8/","King's Quest VIII",1998,"King's Quest","Gwennie","","",""
"../data/KingsQuest/KingsQuest8/","King's Quest VIII",1998,"King's Quest","Sarah","","",""
"../data/KingsQuest/KingsQuestChapters/","King's Quest Chapters",2015,"King's Quest","Olfie","","",""
"../data/KingsQuest/KingsQuestChapters/","King's Quest Chapters",2015,"King's Quest","Icebella","","",""
"../data/KingsQuest/KingsQuestChapters/","King's Quest Chapters",2015,"King's Quest","Sphinx","","",""
"../data/KingsQuest/KingsQuestChapters/","King's Quest Chapters",2015,"King's Quest","Amaya","","",""
"../data/KingsQuest/KingsQuestChapters/","King's Quest Chapters",2015,"King's Quest","Merchant","","",""
"../data/KingsQuest/KingsQuestChapters/","King's Quest Chapters",2015,"King's Quest","Muriel","","",""
"../data/KingsQuest/KingsQuestChapters/","King's Quest Chapters",2015,"King's Quest","Pillare","","",""
"../data/KingsQuest/KingsQuestChapters/","King's Quest Chapters",2015,"King's Quest","Royal Guard 2","","",""
"../data/KingsQuest/KingsQuestChapters/","King's Quest Chapters",2015,"King's Quest","Wente","","",""
"../data/KingsQuest/KingsQuestChapters/","King's Quest Chapters",2015,"King's Quest","Gwendolyn","","",""
"../data/KingdomHearts/KingdomHearts/","Kingdom Hearts",2002,"Kingdom Hearts","Beast","","",""
"../data/KingdomHearts/KingdomHearts/","Kingdom Hearts",2002,"Kingdom Hearts","Lock","","",""
"../data/KingdomHearts/KingdomHearts/","Kingdom Hearts",2002,"Kingdom Hearts","Hades","","",""
"../data/KingdomHearts/KingdomHearts/","Kingdom Hearts",2002,"Kingdom Hearts","Jane","","",""
"../data/KingdomHearts/KingdomHearts/","Kingdom Hearts",2002,"Kingdom Hearts","Clayton","","",""
"../data/KingdomHearts/KingdomHearts/","Kingdom Hearts",2002,"Kingdom Hearts","Fairy Godmother","","",""
"../data/KingdomHearts/KingdomHearts/","Kingdom Hearts",2002,"Kingdom Hearts","Piglet","","",""
"../data/KingdomHearts/KingdomHearts/","Kingdom Hearts",2002,"Kingdom Hearts","Tigger","","",""
"../data/KingdomHearts/KingdomHearts/","Kingdom Hearts",2002,"Kingdom Hearts","Kairi","","",""
"../data/KingdomHearts/KingdomHearts/","Kingdom Hearts",2002,"Kingdom Hearts","Iago","","",""
"../data/KingdomHearts/KingdomHearts2/","Kingdom Hearts II",2005,"Kingdom Hearts","Mickey","","",""
"../data/KingdomHearts/KingdomHearts2/","Kingdom Hearts II",2005,"Kingdom Hearts","Kanga","","",""
"../data/KingdomHearts/KingdomHearts2/","Kingdom Hearts II",2005,"Kingdom Hearts","Pooh","","",""
"../data/KingdomHearts/KingdomHearts2/","Kingdom Hearts II",2005,"Kingdom Hearts","Goofy","","",""
"../data/KingdomHearts/KingdomHearts2/","Kingdom Hearts II",2005,"Kingdom Hearts","Genie","","",""
"../data/KingdomHearts/KingdomHearts2/","Kingdom Hearts II",2005,"Kingdom Hearts","Elizabeth","","",""
"../data/KingdomHearts/KingdomHearts2/","Kingdom Hearts II",2005,"Kingdom Hearts","Timon","","",""
"../data/KingdomHearts/KingdomHearts2/","Kingdom Hearts II",2005,"Kingdom Hearts","Rai","","",""
"../data/KingdomHearts/KingdomHearts2/","Kingdom Hearts II",2005,"Kingdom Hearts","Jafar","","",""
"../data/KingdomHearts/KingdomHearts2/","Kingdom Hearts II",2005,"Kingdom Hearts","Fuu","","",""
"../data/KingdomHearts/KingdomHearts3/","Kingdom Hearts III",2010,"Kingdom Hearts","Hiro","","",""
"../data/KingdomHearts/KingdomHearts3/","Kingdom Hearts III",2010,"Kingdom Hearts","Yen Sid","","",""
"../data/KingdomHearts/KingdomHearts3/","Kingdom Hearts III",2010,"Kingdom Hearts","Buzz","","",""
"../data/KingdomHearts/KingdomHearts3/","Kingdom Hearts III",2010,"Kingdom Hearts","Tia Dalma","","",""
"../data/KingdomHearts/KingdomHearts3/","Kingdom Hearts III",2010,"Kingdom Hearts","Ansem","","",""
"../data/KingdomHearts/KingdomHearts3/","Kingdom Hearts III",2010,"Kingdom Hearts","Randall","","",""
"../data/KingdomHearts/KingdomHearts3/","Kingdom Hearts III",2010,"Kingdom Hearts","Flynn","","",""
"../data/KingdomHearts/KingdomHearts3/","Kingdom Hearts III",2010,"Kingdom Hearts","Sora","","",""
"../data/KingdomHearts/KingdomHearts3/","Kingdom Hearts III",2010,"Kingdom Hearts","Young Eraqus","","",""
"../data/KingdomHearts/KingdomHearts3/","Kingdom Hearts III",2010,"Kingdom Hearts","Everyone","","",""
"../data/KingdomHearts/KingdomHearts3D/","Kingdom Hearts 3D: Dream Drop Distance",2012,"Kingdom Hearts","Ansem the Wise","","",""
"../data/KingdomHearts/KingdomHearts3D/","Kingdom Hearts 3D: Dream Drop Distance",2012,"Kingdom Hearts","Phoebus","","",""
"../data/KingdomHearts/KingdomHearts3D/","Kingdom Hearts 3D: Dream Drop Distance",2012,"Kingdom Hearts","Beagle Boy #2","","",""
"../data/KingdomHearts/KingdomHearts3D/","Kingdom Hearts 3D: Dream Drop Distance",2012,"Kingdom Hearts","Pete","","",""
"../data/KingdomHearts/KingdomHearts3D/","Kingdom Hearts 3D: Dream Drop Distance",2012,"Kingdom Hearts","Riku","","",""
"../data/KingdomHearts/KingdomHearts3D/","Kingdom Hearts 3D: Dream Drop Distance",2012,"Kingdom Hearts","Xemnas","","",""
"../data/KingdomHearts/KingdomHearts3D/","Kingdom Hearts 3D: Dream Drop Distance",2012,"Kingdom Hearts","Minnie","","",""
"../data/KingdomHearts/KingdomHearts3D/","Kingdom Hearts 3D: Dream Drop Distance",2012,"Kingdom Hearts","Joshua","","",""
"../data/KingdomHearts/KingdomHearts3D/","Kingdom Hearts 3D: Dream Drop Distance",2012,"Kingdom Hearts","Laverne","","",""
"../data/KingdomHearts/KingdomHearts3D/","Kingdom Hearts 3D: Dream Drop Distance",2012,"Kingdom Hearts","Sam","","",""
"../data/MassEffect/MassEffect1B/","Mass Effect",2007,"Mass Effect","Clerk Bosker","","",""
"../data/MassEffect/MassEffect1B/","Mass Effect",2007,"Mass Effect","Major Elena Flores","","",""
"../data/MassEffect/MassEffect1B/","Mass Effect",2007,"Mass Effect","Chairman Martin Burns","","",""
"../data/MassEffect/MassEffect1B/","Mass Effect",2007,"Mass Effect","Sovereign","","",""
"../data/MassEffect/MassEffect1B/","Mass Effect",2007,"Mass Effect","Tali'Zorah","","",""
"../data/MassEffect/MassEffect1B/","Mass Effect",2007,"Mass Effect","Woman speaking to Bragging Volus","","",""
"../data/MassEffect/MassEffect1B/","Mass Effect",2007,"Mass Effect","Elias Keeler","","",""
"../data/MassEffect/MassEffect1B/","Mass Effect",2007,"Mass Effect","Calantha Blake","","",""
"../data/MassEffect/MassEffect1B/","Mass Effect",2007,"Mass Effect","Charn","","",""
"../data/MassEffect/MassEffect1B/","Mass Effect",2007,"Mass Effect","Talitha","","",""
"../data/MassEffect/MassEffect2/","Mass Effect 2",2010,"Mass Effect","Feros Colony Investment Advertisement","","",""
"../data/MassEffect/MassEffect2/","Mass Effect 2",2010,"Mass Effect","Ship's Doctor (Aeia)","","",""
"../data/MassEffect/MassEffect2/","Mass Effect 2",2010,"Mass Effect","Presidium Groundskeeper","","",""
"../data/MassEffect/MassEffect2/","Mass Effect 2",2010,"Mass Effect","Male Refugee (Omega Slums)","","",""
"../data/MassEffect/MassEffect2/","Mass Effect 2",2010,"Mass Effect","Sad Asari","","",""
"../data/MassEffect/MassEffect2/","Mass Effect 2",2010,"Mass Effect","Quarian Indentured Servant","","",""
"../data/MassEffect/MassEffect2/","Mass Effect 2",2010,"Mass Effect","Vij","","",""
"../data/MassEffect/MassEffect2/","Mass Effect 2",2010,"Mass Effect","Charr","","",""
"../data/MassEffect/MassEffect2/","Mass Effect 2",2010,"Mass Effect","Kaidan Alenko","","",""
"../data/MassEffect/MassEffect2/","Mass Effect 2",2010,"Mass Effect","Looter 1 (Omega)","","",""
"../data/MassEffect/MassEffect3C/","Mass Effect 3",2012,"Mass Effect","Geth Prime","","",""
"../data/MassEffect/MassEffect3C/","Mass Effect 3",2012,"Mass Effect","Falere","","",""
"../data/MassEffect/MassEffect3C/","Mass Effect 3",2012,"Mass Effect","Dehkarr (Batarian Refugee)","","",""
"../data/MassEffect/MassEffect3C/","Mass Effect 3",2012,"Mass Effect","Consultant (Huerta)","","",""
"../data/MassEffect/MassEffect3C/","Mass Effect 3",2012,"Mass Effect","Din Korlack's Cerberus Contact","","",""
"../data/MassEffect/MassEffect3C/","Mass Effect 3",2012,"Mass Effect","Krogan Shaman","","",""
"../data/MassEffect/MassEffect3C/","Mass Effect 3",2012,"Mass Effect","Liara T'Soni","","",""
"../data/MassEffect/MassEffect3C/","Mass Effect 3",2012,"Mass Effect","Steve Cortez","","",""
"../data/MassEffect/MassEffect3C/","Mass Effect 3",2012,"Mass Effect","Embassy Clerk helping Teresa","","",""
"../data/MassEffect/MassEffect3C/","Mass Effect 3",2012,"Mass Effect","Fighter Marine","","",""
"../data/MonkeyIsland/TheSecretOfMonkeyIsland/","The Secret of Monkey Island",1990,"Monkey Island","Man 2","","",""
"../data/MonkeyIsland/TheSecretOfMonkeyIsland/","The Secret of Monkey Island",1990,"Monkey Island","Guy 1","","",""
"../data/MonkeyIsland/TheSecretOfMonkeyIsland/","The Secret of Monkey Island",1990,"Monkey Island","Elaine","","",""
"../data/MonkeyIsland/TheSecretOfMonkeyIsland/","The Secret of Monkey Island",1990,"Monkey Island","Dog","","",""
"../data/MonkeyIsland/TheSecretOfMonkeyIsland/","The Secret of Monkey Island",1990,"Monkey Island","Herman","","",""
"../data/MonkeyIsland/TheSecretOfMonkeyIsland/","The Secret of Monkey Island",1990,"Monkey Island","Smirk","","",""
"../data/MonkeyIsland/TheSecretOfMonkeyIsland/","The Secret of Monkey Island",1990,"Monkey Island","Carla","","",""
"../data/MonkeyIsland/TheSecretOfMonkeyIsland/","The Secret of Monkey Island",1990,"Monkey Island","Meathook","","",""
"../data/MonkeyIsland/TheSecretOfMonkeyIsland/","The Secret of Monkey Island",1990,"Monkey Island","Cook","","",""
"../data/MonkeyIsland/TheSecretOfMonkeyIsland/","The Secret of Monkey Island",1990,"Monkey Island","Head","","",""
"../data/MonkeyIsland/MonkeyIsland2/","Monkey Island 2: LeChuck's Revenge",1991,"Monkey Island","Governor Phatt","","",""
"../data/MonkeyIsland/MonkeyIsland2/","Monkey Island 2: LeChuck's Revenge",1991,"Monkey Island","Fink","","",""
"../data/MonkeyIsland/MonkeyIsland2/","Monkey Island 2: LeChuck's Revenge",1991,"Monkey Island","Costumed woman","","",""
"../data/MonkeyIsland/MonkeyIsland2/","Monkey Island 2: LeChuck's Revenge",1991,"Monkey Island","Guard","","",""
"../data/MonkeyIsland/MonkeyIsland2/","Monkey Island 2: LeChuck's Revenge",1991,"Monkey Island","Filbert","","",""
"../data/MonkeyIsland/MonkeyIsland2/","Monkey Island 2: LeChuck's Revenge",1991,"Monkey Island","Rich","","",""
"../data/MonkeyIsland/MonkeyIsland2/","Monkey Island 2: LeChuck's Revenge",1991,"Monkey Island","Stan","","",""
"../data/MonkeyIsland/MonkeyIsland2/","Monkey Island 2: LeChuck's Revenge",1991,"Monkey Island","Chef","","",""
"../data/MonkeyIsland/MonkeyIsland2/","Monkey Island 2: LeChuck's Revenge",1991,"Monkey Island","Guybrush","","",""
"../data/MonkeyIsland/MonkeyIsland2/","Monkey Island 2: LeChuck's Revenge",1991,"Monkey Island","Dad","","",""
"../data/MonkeyIsland/TheCurseOfMonkeyIsland/","The Curse of Monkey Island",1997,"Monkey Island","Van Helgen","","",""
"../data/MonkeyIsland/TheCurseOfMonkeyIsland/","The Curse of Monkey Island",1997,"Monkey Island","Rottingham","","",""
"../data/MonkeyIsland/TheCurseOfMonkeyIsland/","The Curse of Monkey Island",1997,"Monkey Island","Fat Pirate","","",""
"../data/MonkeyIsland/TheCurseOfMonkeyIsland/","The Curse of Monkey Island",1997,"Monkey Island","Wally","","",""
"../data/MonkeyIsland/TheCurseOfMonkeyIsland/","The Curse of Monkey Island",1997,"Monkey Island","LeChuck","","",""
"../data/MonkeyIsland/TheCurseOfMonkeyIsland/","The Curse of Monkey Island",1997,"Monkey Island","Voodoo Lady","","",""
"../data/MonkeyIsland/TheCurseOfMonkeyIsland/","The Curse of Monkey Island",1997,"Monkey Island","Bartender","","",""
"../data/MonkeyIsland/TheCurseOfMonkeyIsland/","The Curse of Monkey Island",1997,"Monkey Island","Bill","","",""
"../data/MonkeyIsland/TheCurseOfMonkeyIsland/","The Curse of Monkey Island",1997,"Monkey Island","Cruff","","",""
"../data/MonkeyIsland/TheCurseOfMonkeyIsland/","The Curse of Monkey Island",1997,"Monkey Island","Haggis","","",""
"../data/Persona/Persona3/","Persona 3",2006,"Persona","Voice","","",""
"../data/Persona/Persona3/","Persona 3",2006,"Persona","Mutatsu","","",""
"../data/Persona/Persona3/","Persona 3",2006,"Persona","Akihiko","","",""
"../data/Persona/Persona3/","Persona 3",2006,"Persona","Teenager","","",""
"../data/Persona/Persona3/","Persona 3",2006,"Persona","Eiichiro","","",""
"../data/Persona/Persona3/","Persona 3",2006,"Persona","Ken","","",""
"../data/Persona/Persona3/","Persona 3",2006,"Persona","Bebe","","",""
"../data/Persona/Persona3/","Persona 3",2006,"Persona","Jin","","",""
"../data/Persona/Persona3/","Persona 3",2006,"Persona","Chidori","","",""
"../data/Persona/Persona3/","Persona 3",2006,"Persona","Ramen Shop Owner","","",""
"../data/Persona/Persona4/","Persona 4",2008,"Persona","Woman's Voice","","",""
"../data/Persona/Persona4/","Persona 4",2008,"Persona","Male Student","","",""
"../data/Persona/Persona4/","Persona 4",2008,"Persona","Yuuta","","",""
"../data/Persona/Persona4/","Persona 4",2008,"Persona","Yosuke Hanamura","","",""
"../data/Persona/Persona4/","Persona 4",2008,"Persona","Naoki","","",""
"../data/Persona/Persona4/","Persona 4",2008,"Persona","Kanji Tatsumi","","",""
"../data/Persona/Persona4/","Persona 4",2008,"Persona","Kimono-Clad Woman","","",""
"../data/Persona/Persona4/","Persona 4",2008,"Persona","Shadow Yosuke","","",""
"../data/Persona/Persona4/","Persona 4",2008,"Persona","Chihiro Fushimi","","",""
"../data/Persona/Persona4/","Persona 4",2008,"Persona","Shadow Yukiko Amagi","","",""
"../data/Persona/Persona5B/","Persona 5",2016,"Persona","SIU Director","","",""
"../data/Persona/Persona5B/","Persona 5",2016,"Persona","Innocent Girl","","",""
"../data/Persona/Persona5B/","Persona 5",2016,"Persona","Interrogation Room Guard","","",""
"../data/Persona/Persona5B/","Persona 5",2016,"Persona","Usami","","",""
"../data/Persona/Persona5B/","Persona 5",2016,"Persona","Souse","","",""
"../data/Persona/Persona5B/","Persona 5",2016,"Persona","Sae Niijima","","",""
"../data/Persona/Persona5B/","Persona 5",2016,"Persona","Akitsu","","",""
"../data/Persona/Persona5B/","Persona 5",2016,"Persona","Hanasaki","","",""
"../data/Persona/Persona5B/","Persona 5",2016,"Persona","Arsene","","",""
"../data/Persona/Persona5B/","Persona 5",2016,"Persona","Shinya Oda","","",""
"../data/StarWarsKOTOR/StarWarsKOTOR/","Star Wars: Knights of the Old Republic",2003,"Star Wars: Knights of the Old Republic","Phirk","","",""
"../data/StarWarsKOTOR/StarWarsKOTOR/","Star Wars: Knights of the Old Republic",2003,"Star Wars: Knights of the Old Republic","Viglo","","",""
"../data/StarWarsKOTOR/StarWarsKOTOR/","Star Wars: Knights of the Old Republic",2003,"Star Wars: Knights of the Old Republic","Hijata","","",""
"../data/StarWarsKOTOR/StarWarsKOTOR/","Star Wars: Knights of the Old Republic",2003,"Star Wars: Knights of the Old Republic","Lena","","",""
"../data/StarWarsKOTOR/StarWarsKOTOR/","Star Wars: Knights of the Old Republic",2003,"Star Wars: Knights of the Old Republic","Jordo","","",""
"../data/StarWarsKOTOR/StarWarsKOTOR/","Star Wars: Knights of the Old Republic",2003,"Star Wars: Knights of the Old Republic","Sol'aa","","",""
"../data/StarWarsKOTOR/StarWarsKOTOR/","Star Wars: Knights of the Old Republic",2003,"Star Wars: Knights of the Old Republic","Holdan","","",""
"../data/StarWarsKOTOR/StarWarsKOTOR/","Star Wars: Knights of the Old Republic",2003,"Star Wars: Knights of the Old Republic","Chorrawl","","",""
"../data/StarWarsKOTOR/StarWarsKOTOR/","Star Wars: Knights of the Old Republic",2003,"Star Wars: Knights of the Old Republic","Shaelas","","",""
"../data/StarWarsKOTOR/StarWarsKOTOR/","Star Wars: Knights of the Old Republic",2003,"Star Wars: Knights of the Old Republic","Nubassa","","",""
"../data/StardewValley/StardewValley/","Stardew Valley",2016,"Stardew Valley","Jas","","",""
"../data/StardewValley/StardewValley/","Stardew Valley",2016,"Stardew Valley","Penny","","",""
"../data/StardewValley/StardewValley/","Stardew Valley",2016,"Stardew Valley","Alex","","",""
"../data/StardewValley/StardewValley/","Stardew Valley",2016,"Stardew Valley","Harvey","","",""
"../data/StardewValley/StardewValley/","Stardew Valley",2016,"Stardew Valley","Robin","","",""
"../data/StardewValley/StardewValley/","Stardew Valley",2016,"Stardew Valley","Sebastian","","",""
"../data/StardewValley/StardewValley/","Stardew Valley",2016,"Stardew Valley","Sandy","","",""
"../data/StardewValley/StardewValley/","Stardew Valley",2016,"Stardew Valley","Gus","","",""
"../data/StardewValley/StardewValley/","Stardew Valley",2016,"Stardew Valley","Emily","","",""
"../data/StardewValley/StardewValley/","Stardew Valley",2016,"Stardew Valley","Evelyn","","",""
"../data/SuperMarioRPG/SuperMarioRPG/","Super Mario RPG: Legend of the Seven Stars",1996,"Super Mario RPG","Mario","","",""
"../data/SuperMarioRPG/SuperMarioRPG/","Super Mario RPG: Legend of the Seven Stars",1996,"Super Mario RPG","Culex","","",""
"../data/SuperMarioRPG/SuperMarioRPG/","Super Mario RPG: Legend of the Seven Stars",1996,"Super Mario RPG","Ma'Mole","","",""
"../data/SuperMarioRPG/SuperMarioRPG/","Super Mario RPG: Legend of the Seven Stars",1996,"Super Mario RPG","Miner 2","","",""
"../data/SuperMarioRPG/SuperMarioRPG/","Super Mario RPG: Legend of the Seven Stars",1996,"Super Mario RPG","Birdo","","",""
"../data/SuperMarioRPG/SuperMarioRPG/","Super Mario RPG: Legend of the Seven Stars",1996,"Super Mario RPG","Raini","","",""
"../data/SuperMarioRPG/SuperMarioRPG/","Super Mario RPG: Legend of the Seven Stars",1996,"Super Mario RPG","Toad","","",""
"../data/SuperMarioRPG/SuperMarioRPG/","Super Mario RPG: Legend of the Seven Stars",1996,"Super Mario RPG","Geno","","",""
"../data/SuperMarioRPG/SuperMarioRPG/","Super Mario RPG: Legend of the Seven Stars",1996,"Super Mario RPG","Monstermama","","",""
"../data/SuperMarioRPG/SuperMarioRPG/","Super Mario RPG: Legend of the Seven Stars",1996,"Super Mario RPG","Johnny","","",""
"../data/ElderScrolls/Morrowind/","The Elder Scrolls III: Morrowind",2002,"The Elder Scrolls","M'aiq the Liar (Morrowind)","","",""
"../data/ElderScrolls/Morrowind/","The Elder Scrolls III: Morrowind",2002,"The Elder Scrolls","Yngling Half-Troll","","",""
"../data/ElderScrolls/Morrowind/","The Elder Scrolls III: Morrowind",2002,"The Elder Scrolls","Bolrin","","",""
"../data/ElderScrolls/Morrowind/","The Elder Scrolls III: Morrowind",2002,"The Elder Scrolls","Hlaren Ramoran","","",""
"../data/ElderScrolls/Morrowind/","The Elder Scrolls III: Morrowind",2002,"The Elder Scrolls","Edryno Arethi","","",""
"../data/ElderScrolls/Morrowind/","The Elder Scrolls III: Morrowind",2002,"The Elder Scrolls","Foryn Gilnith","","",""
"../data/ElderScrolls/Morrowind/","The Elder Scrolls III: Morrowind",2002,"The Elder Scrolls","Rasha (Morrowind)","","",""
"../data/ElderScrolls/Morrowind/","The Elder Scrolls III: Morrowind",2002,"The Elder Scrolls","Ethasi Rilvayn","","",""
"../data/ElderScrolls/Morrowind/","The Elder Scrolls III: Morrowind",2002,"The Elder Scrolls","Manirai","","",""
"../data/ElderScrolls/Morrowind/","The Elder Scrolls III: Morrowind",2002,"The Elder Scrolls","Falanaamo","","",""
"../data/ElderScrolls/Skyrim/","The Elder Scrolls V: Skyrim",2011,"The Elder Scrolls","Rulindil","","",""
"../data/ElderScrolls/Skyrim/","The Elder Scrolls V: Skyrim",2011,"The Elder Scrolls","Astrid","","",""
"../data/ElderScrolls/Skyrim/","The Elder Scrolls V: Skyrim",2011,"The Elder Scrolls","Gunmar","","",""
"../data/ElderScrolls/Skyrim/","The Elder Scrolls V: Skyrim",2011,"The Elder Scrolls","Urag","","",""
"../data/ElderScrolls/Skyrim/","The Elder Scrolls V: Skyrim",2011,"The Elder Scrolls","Esbern","","",""
"../data/ElderScrolls/Skyrim/","The Elder Scrolls V: Skyrim",2011,"The Elder Scrolls","Titus Mede II","","",""
"../data/ElderScrolls/Skyrim/","The Elder Scrolls V: Skyrim",2011,"The Elder Scrolls","Dirge","","",""
"../data/ElderScrolls/Skyrim/","The Elder Scrolls V: Skyrim",2011,"The Elder Scrolls","Sigrid","","",""
"../data/ElderScrolls/Skyrim/","The Elder Scrolls V: Skyrim",2011,"The Elder Scrolls","Vyrthur","","",""
"../data/ElderScrolls/Skyrim/","The Elder Scrolls V: Skyrim",2011,"The Elder Scrolls","Sanguine","","",""
